/*
 * Generated by tools/mkfont.py -- do not edit.
 *
 * DejaVu Sans Mono Bold, Bitstream Vera Fonts Copyright (c) 2003 Bitstream, Inc.
 * Rasterised at 26px into a 16x32 cell,
 * 4 bits of coverage per pixel, two pixels per byte.
 */
#define FONT_W 16
#define FONT_H 32
#define FONT_FIRST 32
#define FONT_LAST 126
#define FONT_STRIDE 8

static const unsigned char font_bits[95][32][8] = {
    { /* space */
        { 0x00, 0x00, 0x00, 0x00, 0x00, 0x00, 0x00, 0x00 },
        { 0x00, 0x00, 0x00, 0x00, 0x00, 0x00, 0x00, 0x00 },
        { 0x00, 0x00, 0x00, 0x00, 0x00, 0x00, 0x00, 0x00 },
        { 0x00, 0x00, 0x00, 0x00, 0x00, 0x00, 0x00, 0x00 },
        { 0x00, 0x00, 0x00, 0x00, 0x00, 0x00, 0x00, 0x00 },
        { 0x00, 0x00, 0x00, 0x00, 0x00, 0x00, 0x00, 0x00 },
        { 0x00, 0x00, 0x00, 0x00, 0x00, 0x00, 0x00, 0x00 },
        { 0x00, 0x00, 0x00, 0x00, 0x00, 0x00, 0x00, 0x00 },
        { 0x00, 0x00, 0x00, 0x00, 0x00, 0x00, 0x00, 0x00 },
        { 0x00, 0x00, 0x00, 0x00, 0x00, 0x00, 0x00, 0x00 },
        { 0x00, 0x00, 0x00, 0x00, 0x00, 0x00, 0x00, 0x00 },
        { 0x00, 0x00, 0x00, 0x00, 0x00, 0x00, 0x00, 0x00 },
        { 0x00, 0x00, 0x00, 0x00, 0x00, 0x00, 0x00, 0x00 },
        { 0x00, 0x00, 0x00, 0x00, 0x00, 0x00, 0x00, 0x00 },
        { 0x00, 0x00, 0x00, 0x00, 0x00, 0x00, 0x00, 0x00 },
        { 0x00, 0x00, 0x00, 0x00, 0x00, 0x00, 0x00, 0x00 },
        { 0x00, 0x00, 0x00, 0x00, 0x00, 0x00, 0x00, 0x00 },
        { 0x00, 0x00, 0x00, 0x00, 0x00, 0x00, 0x00, 0x00 },
        { 0x00, 0x00, 0x00, 0x00, 0x00, 0x00, 0x00, 0x00 },
        { 0x00, 0x00, 0x00, 0x00, 0x00, 0x00, 0x00, 0x00 },
        { 0x00, 0x00, 0x00, 0x00, 0x00, 0x00, 0x00, 0x00 },
        { 0x00, 0x00, 0x00, 0x00, 0x00, 0x00, 0x00, 0x00 },
        { 0x00, 0x00, 0x00, 0x00, 0x00, 0x00, 0x00, 0x00 },
        { 0x00, 0x00, 0x00, 0x00, 0x00, 0x00, 0x00, 0x00 },
        { 0x00, 0x00, 0x00, 0x00, 0x00, 0x00, 0x00, 0x00 },
        { 0x00, 0x00, 0x00, 0x00, 0x00, 0x00, 0x00, 0x00 },
        { 0x00, 0x00, 0x00, 0x00, 0x00, 0x00, 0x00, 0x00 },
        { 0x00, 0x00, 0x00, 0x00, 0x00, 0x00, 0x00, 0x00 },
        { 0x00, 0x00, 0x00, 0x00, 0x00, 0x00, 0x00, 0x00 },
        { 0x00, 0x00, 0x00, 0x00, 0x00, 0x00, 0x00, 0x00 },
        { 0x00, 0x00, 0x00, 0x00, 0x00, 0x00, 0x00, 0x00 },
        { 0x00, 0x00, 0x00, 0x00, 0x00, 0x00, 0x00, 0x00 },
    },
    { /* ! */
        { 0x00, 0x00, 0x00, 0x00, 0x00, 0x00, 0x00, 0x00 },
        { 0x00, 0x00, 0x00, 0x00, 0x00, 0x00, 0x00, 0x00 },
        { 0x00, 0x00, 0x00, 0x00, 0x00, 0x00, 0x00, 0x00 },
        { 0x00, 0x00, 0x00, 0x00, 0x00, 0x00, 0x00, 0x00 },
        { 0x00, 0x00, 0x00, 0x00, 0x00, 0x00, 0x00, 0x00 },
        { 0x00, 0x00, 0x00, 0x00, 0x00, 0x00, 0x00, 0x00 },
        { 0x00, 0x00, 0x00, 0xdf, 0xf7, 0x00, 0x00, 0x00 },
        { 0x00, 0x00, 0x00, 0xdf, 0xf7, 0x00, 0x00, 0x00 },
        { 0x00, 0x00, 0x00, 0xdf, 0xf7, 0x00, 0x00, 0x00 },
        { 0x00, 0x00, 0x00, 0xdf, 0xf7, 0x00, 0x00, 0x00 },
        { 0x00, 0x00, 0x00, 0xdf, 0xf7, 0x00, 0x00, 0x00 },
        { 0x00, 0x00, 0x00, 0xdf, 0xf7, 0x00, 0x00, 0x00 },
        { 0x00, 0x00, 0x00, 0xdf, 0xf7, 0x00, 0x00, 0x00 },
        { 0x00, 0x00, 0x00, 0xdf, 0xf7, 0x00, 0x00, 0x00 },
        { 0x00, 0x00, 0x00, 0xcf, 0xf6, 0x00, 0x00, 0x00 },
        { 0x00, 0x00, 0x00, 0xaf, 0xf5, 0x00, 0x00, 0x00 },
        { 0x00, 0x00, 0x00, 0x8f, 0xf3, 0x00, 0x00, 0x00 },
        { 0x00, 0x00, 0x00, 0x7f, 0xf2, 0x00, 0x00, 0x00 },
        { 0x00, 0x00, 0x00, 0x00, 0x00, 0x00, 0x00, 0x00 },
        { 0x00, 0x00, 0x00, 0x00, 0x00, 0x00, 0x00, 0x00 },
        { 0x00, 0x00, 0x00, 0x00, 0x00, 0x00, 0x00, 0x00 },
        { 0x00, 0x00, 0x00, 0xdf, 0xf7, 0x00, 0x00, 0x00 },
        { 0x00, 0x00, 0x00, 0xdf, 0xf7, 0x00, 0x00, 0x00 },
        { 0x00, 0x00, 0x00, 0xdf, 0xf7, 0x00, 0x00, 0x00 },
        { 0x00, 0x00, 0x00, 0xdf, 0xf7, 0x00, 0x00, 0x00 },
        { 0x00, 0x00, 0x00, 0x00, 0x00, 0x00, 0x00, 0x00 },
        { 0x00, 0x00, 0x00, 0x00, 0x00, 0x00, 0x00, 0x00 },
        { 0x00, 0x00, 0x00, 0x00, 0x00, 0x00, 0x00, 0x00 },
        { 0x00, 0x00, 0x00, 0x00, 0x00, 0x00, 0x00, 0x00 },
        { 0x00, 0x00, 0x00, 0x00, 0x00, 0x00, 0x00, 0x00 },
        { 0x00, 0x00, 0x00, 0x00, 0x00, 0x00, 0x00, 0x00 },
        { 0x00, 0x00, 0x00, 0x00, 0x00, 0x00, 0x00, 0x00 },
    },
    { /* " */
        { 0x00, 0x00, 0x00, 0x00, 0x00, 0x00, 0x00, 0x00 },
        { 0x00, 0x00, 0x00, 0x00, 0x00, 0x00, 0x00, 0x00 },
        { 0x00, 0x00, 0x00, 0x00, 0x00, 0x00, 0x00, 0x00 },
        { 0x00, 0x00, 0x00, 0x00, 0x00, 0x00, 0x00, 0x00 },
        { 0x00, 0x00, 0x00, 0x00, 0x00, 0x00, 0x00, 0x00 },
        { 0x00, 0x00, 0x00, 0x00, 0x00, 0x00, 0x00, 0x00 },
        { 0x00, 0x0f, 0xff, 0x20, 0x08, 0xff, 0xa0, 0x00 },
        { 0x00, 0x0f, 0xff, 0x20, 0x08, 0xff, 0xa0, 0x00 },
        { 0x00, 0x0f, 0xff, 0x20, 0x08, 0xff, 0xa0, 0x00 },
        { 0x00, 0x0f, 0xff, 0x20, 0x08, 0xff, 0xa0, 0x00 },
        { 0x00, 0x0f, 0xff, 0x20, 0x08, 0xff, 0xa0, 0x00 },
        { 0x00, 0x0f, 0xff, 0x20, 0x08, 0xff, 0xa0, 0x00 },
        { 0x00, 0x0f, 0xff, 0x20, 0x08, 0xff, 0xa0, 0x00 },
        { 0x00, 0x00, 0x00, 0x00, 0x00, 0x00, 0x00, 0x00 },
        { 0x00, 0x00, 0x00, 0x00, 0x00, 0x00, 0x00, 0x00 },
        { 0x00, 0x00, 0x00, 0x00, 0x00, 0x00, 0x00, 0x00 },
        { 0x00, 0x00, 0x00, 0x00, 0x00, 0x00, 0x00, 0x00 },
        { 0x00, 0x00, 0x00, 0x00, 0x00, 0x00, 0x00, 0x00 },
        { 0x00, 0x00, 0x00, 0x00, 0x00, 0x00, 0x00, 0x00 },
        { 0x00, 0x00, 0x00, 0x00, 0x00, 0x00, 0x00, 0x00 },
        { 0x00, 0x00, 0x00, 0x00, 0x00, 0x00, 0x00, 0x00 },
        { 0x00, 0x00, 0x00, 0x00, 0x00, 0x00, 0x00, 0x00 },
        { 0x00, 0x00, 0x00, 0x00, 0x00, 0x00, 0x00, 0x00 },
        { 0x00, 0x00, 0x00, 0x00, 0x00, 0x00, 0x00, 0x00 },
        { 0x00, 0x00, 0x00, 0x00, 0x00, 0x00, 0x00, 0x00 },
        { 0x00, 0x00, 0x00, 0x00, 0x00, 0x00, 0x00, 0x00 },
        { 0x00, 0x00, 0x00, 0x00, 0x00, 0x00, 0x00, 0x00 },
        { 0x00, 0x00, 0x00, 0x00, 0x00, 0x00, 0x00, 0x00 },
        { 0x00, 0x00, 0x00, 0x00, 0x00, 0x00, 0x00, 0x00 },
        { 0x00, 0x00, 0x00, 0x00, 0x00, 0x00, 0x00, 0x00 },
        { 0x00, 0x00, 0x00, 0x00, 0x00, 0x00, 0x00, 0x00 },
        { 0x00, 0x00, 0x00, 0x00, 0x00, 0x00, 0x00, 0x00 },
    },
    { /* # */
        { 0x00, 0x00, 0x00, 0x00, 0x00, 0x00, 0x00, 0x00 },
        { 0x00, 0x00, 0x00, 0x00, 0x00, 0x00, 0x00, 0x00 },
        { 0x00, 0x00, 0x00, 0x00, 0x00, 0x00, 0x00, 0x00 },
        { 0x00, 0x00, 0x00, 0x00, 0x00, 0x00, 0x00, 0x00 },
        { 0x00, 0x00, 0x00, 0x00, 0x00, 0x00, 0x00, 0x00 },
        { 0x00, 0x00, 0x00, 0x00, 0x00, 0x00, 0x00, 0x00 },
        { 0x00, 0x00, 0x00, 0xef, 0xc0, 0x08, 0xff, 0x30 },
        { 0x00, 0x00, 0x03, 0xff, 0x90, 0x0c, 0xfe, 0x00 },
        { 0x00, 0x00, 0x06, 0xff, 0x50, 0x0e, 0xfb, 0x00 },
        { 0x00, 0x00, 0x0a, 0xff, 0x10, 0x4f, 0xf7, 0x00 },
        { 0x00, 0x00, 0x0d, 0xfd, 0x00, 0x8f, 0xf4, 0x00 },
        { 0x07, 0xff, 0xff, 0xff, 0xff, 0xff, 0xff, 0xf9 },
        { 0x07, 0xff, 0xff, 0xff, 0xff, 0xff, 0xff, 0xf9 },
        { 0x07, 0xff, 0xff, 0xff, 0xff, 0xff, 0xff, 0xf9 },
        { 0x00, 0x00, 0xdf, 0xd0, 0x07, 0xff, 0x40, 0x00 },
        { 0x00, 0x03, 0xff, 0x90, 0x0c, 0xfe, 0x00, 0x00 },
        { 0x00, 0x07, 0xff, 0x40, 0x1f, 0xfa, 0x00, 0x00 },
        { 0xef, 0xff, 0xff, 0xff, 0xff, 0xff, 0xff, 0x20 },
        { 0xef, 0xff, 0xff, 0xff, 0xff, 0xff, 0xff, 0x20 },
        { 0xef, 0xff, 0xff, 0xff, 0xff, 0xff, 0xff, 0x20 },
        { 0x00, 0x7f, 0xf5, 0x00, 0xef, 0xb0, 0x00, 0x00 },
        { 0x00, 0xaf, 0xf1, 0x04, 0xff, 0x70, 0x00, 0x00 },
        { 0x00, 0xef, 0xc0, 0x08, 0xff, 0x40, 0x00, 0x00 },
        { 0x02, 0xff, 0x90, 0x0b, 0xfe, 0x00, 0x00, 0x00 },
        { 0x06, 0xff, 0x50, 0x0e, 0xfb, 0x00, 0x00, 0x00 },
        { 0x00, 0x00, 0x00, 0x00, 0x00, 0x00, 0x00, 0x00 },
        { 0x00, 0x00, 0x00, 0x00, 0x00, 0x00, 0x00, 0x00 },
        { 0x00, 0x00, 0x00, 0x00, 0x00, 0x00, 0x00, 0x00 },
        { 0x00, 0x00, 0x00, 0x00, 0x00, 0x00, 0x00, 0x00 },
        { 0x00, 0x00, 0x00, 0x00, 0x00, 0x00, 0x00, 0x00 },
        { 0x00, 0x00, 0x00, 0x00, 0x00, 0x00, 0x00, 0x00 },
        { 0x00, 0x00, 0x00, 0x00, 0x00, 0x00, 0x00, 0x00 },
    },
    { /* $ */
        { 0x00, 0x00, 0x00, 0x00, 0x00, 0x00, 0x00, 0x00 },
        { 0x00, 0x00, 0x00, 0x00, 0x00, 0x00, 0x00, 0x00 },
        { 0x00, 0x00, 0x00, 0x00, 0x00, 0x00, 0x00, 0x00 },
        { 0x00, 0x00, 0x00, 0x00, 0x00, 0x00, 0x00, 0x00 },
        { 0x00, 0x00, 0x00, 0x00, 0x00, 0x00, 0x00, 0x00 },
        { 0x00, 0x00, 0x00, 0x0e, 0xc0, 0x00, 0x00, 0x00 },
        { 0x00, 0x00, 0x00, 0x0e, 0xc0, 0x00, 0x00, 0x00 },
        { 0x00, 0x00, 0x00, 0x0e, 0xc0, 0x00, 0x00, 0x00 },
        { 0x00, 0x00, 0x4a, 0xdf, 0xfd, 0xa6, 0x10, 0x00 },
        { 0x00, 0x08, 0xff, 0xff, 0xff, 0xff, 0xa0, 0x00 },
        { 0x00, 0x5f, 0xff, 0xff, 0xff, 0xff, 0xa0, 0x00 },
        { 0x00, 0xaf, 0xfc, 0x2e, 0xc1, 0x38, 0x80, 0x00 },
        { 0x00, 0xdf, 0xf7, 0x0e, 0xc0, 0x00, 0x00, 0x00 },
        { 0x00, 0xdf, 0xf9, 0x0e, 0xc0, 0x00, 0x00, 0x00 },
        { 0x00, 0xaf, 0xff, 0x9e, 0xc0, 0x00, 0x00, 0x00 },
        { 0x00, 0x5f, 0xff, 0xff, 0xfd, 0x92, 0x00, 0x00 },
        { 0x00, 0x08, 0xff, 0xff, 0xff, 0xfe, 0x50, 0x00 },
        { 0x00, 0x00, 0x4b, 0xff, 0xff, 0xff, 0xe3, 0x00 },
        { 0x00, 0x00, 0x00, 0x1e, 0xdc, 0xff, 0xf9, 0x00 },
        { 0x00, 0x00, 0x00, 0x0e, 0xc0, 0xbf, 0xfc, 0x00 },
        { 0x00, 0x00, 0x00, 0x0e, 0xc0, 0x8f, 0xfc, 0x00 },
        { 0x00, 0xa9, 0x52, 0x0e, 0xc3, 0xdf, 0xfa, 0x00 },
        { 0x00, 0xcf, 0xff, 0xff, 0xff, 0xff, 0xf4, 0x00 },
        { 0x00, 0xcf, 0xff, 0xff, 0xff, 0xff, 0x70, 0x00 },
        { 0x00, 0x15, 0x9c, 0xef, 0xfd, 0xa3, 0x00, 0x00 },
        { 0x00, 0x00, 0x00, 0x0e, 0xc0, 0x00, 0x00, 0x00 },
        { 0x00, 0x00, 0x00, 0x0e, 0xc0, 0x00, 0x00, 0x00 },
        { 0x00, 0x00, 0x00, 0x0e, 0xc0, 0x00, 0x00, 0x00 },
        { 0x00, 0x00, 0x00, 0x0e, 0xc0, 0x00, 0x00, 0x00 },
        { 0x00, 0x00, 0x00, 0x00, 0x00, 0x00, 0x00, 0x00 },
        { 0x00, 0x00, 0x00, 0x00, 0x00, 0x00, 0x00, 0x00 },
        { 0x00, 0x00, 0x00, 0x00, 0x00, 0x00, 0x00, 0x00 },
    },
    { /* % */
        { 0x00, 0x00, 0x00, 0x00, 0x00, 0x00, 0x00, 0x00 },
        { 0x00, 0x00, 0x00, 0x00, 0x00, 0x00, 0x00, 0x00 },
        { 0x00, 0x00, 0x00, 0x00, 0x00, 0x00, 0x00, 0x00 },
        { 0x00, 0x00, 0x00, 0x00, 0x00, 0x00, 0x00, 0x00 },
        { 0x00, 0x00, 0x00, 0x00, 0x00, 0x00, 0x00, 0x00 },
        { 0x00, 0x00, 0x00, 0x00, 0x00, 0x00, 0x00, 0x00 },
        { 0x00, 0x7d, 0xec, 0x60, 0x00, 0x00, 0x00, 0x00 },
        { 0x0a, 0xff, 0xff, 0xf9, 0x00, 0x00, 0x00, 0x00 },
        { 0x4f, 0xf6, 0x07, 0xff, 0x30, 0x00, 0x00, 0x00 },
        { 0x7f, 0xc0, 0x00, 0xdf, 0x70, 0x00, 0x00, 0x00 },
        { 0x8f, 0xc0, 0x00, 0xdf, 0x70, 0x00, 0x00, 0x00 },
        { 0x4f, 0xf6, 0x07, 0xff, 0x30, 0x00, 0x00, 0x00 },
        { 0x0a, 0xff, 0xff, 0xf9, 0x00, 0x00, 0x3a, 0x80 },
        { 0x00, 0x7d, 0xec, 0x60, 0x00, 0x5b, 0xe9, 0x20 },
        { 0x00, 0x00, 0x00, 0x00, 0x6d, 0xd7, 0x10, 0x00 },
        { 0x00, 0x00, 0x01, 0x8e, 0xc5, 0x00, 0x00, 0x00 },
        { 0x00, 0x03, 0x9e, 0xa4, 0x00, 0x00, 0x00, 0x00 },
        { 0x04, 0xbe, 0x82, 0x00, 0x07, 0xde, 0xc5, 0x00 },
        { 0x08, 0x71, 0x00, 0x00, 0xaf, 0xff, 0xff, 0x80 },
        { 0x00, 0x00, 0x00, 0x05, 0xfe, 0x50, 0x8f, 0xe2 },
        { 0x00, 0x00, 0x00, 0x08, 0xfb, 0x00, 0x0e, 0xf6 },
        { 0x00, 0x00, 0x00, 0x08, 0xfb, 0x00, 0x0d, 0xf6 },
        { 0x00, 0x00, 0x00, 0x05, 0xfe, 0x50, 0x7f, 0xe2 },
        { 0x00, 0x00, 0x00, 0x00, 0xbf, 0xff, 0xff, 0x80 },
        { 0x00, 0x00, 0x00, 0x00, 0x07, 0xde, 0xc6, 0x00 },
        { 0x00, 0x00, 0x00, 0x00, 0x00, 0x00, 0x00, 0x00 },
        { 0x00, 0x00, 0x00, 0x00, 0x00, 0x00, 0x00, 0x00 },
        { 0x00, 0x00, 0x00, 0x00, 0x00, 0x00, 0x00, 0x00 },
        { 0x00, 0x00, 0x00, 0x00, 0x00, 0x00, 0x00, 0x00 },
        { 0x00, 0x00, 0x00, 0x00, 0x00, 0x00, 0x00, 0x00 },
        { 0x00, 0x00, 0x00, 0x00, 0x00, 0x00, 0x00, 0x00 },
        { 0x00, 0x00, 0x00, 0x00, 0x00, 0x00, 0x00, 0x00 },
    },
    { /* & */
        { 0x00, 0x00, 0x00, 0x00, 0x00, 0x00, 0x00, 0x00 },
        { 0x00, 0x00, 0x00, 0x00, 0x00, 0x00, 0x00, 0x00 },
        { 0x00, 0x00, 0x00, 0x00, 0x00, 0x00, 0x00, 0x00 },
        { 0x00, 0x00, 0x00, 0x00, 0x00, 0x00, 0x00, 0x00 },
        { 0x00, 0x00, 0x00, 0x00, 0x00, 0x00, 0x00, 0x00 },
        { 0x00, 0x00, 0x00, 0x00, 0x00, 0x00, 0x00, 0x00 },
        { 0x00, 0x00, 0x29, 0xce, 0xec, 0x71, 0x00, 0x00 },
        { 0x00, 0x04, 0xef, 0xff, 0xff, 0xfb, 0x00, 0x00 },
        { 0x00, 0x0d, 0xff, 0xff, 0xff, 0xfb, 0x00, 0x00 },
        { 0x00, 0x2f, 0xff, 0xa1, 0x02, 0x69, 0x00, 0x00 },
        { 0x00, 0x2f, 0xff, 0x60, 0x00, 0x00, 0x00, 0x00 },
        { 0x00, 0x0d, 0xff, 0xc0, 0x00, 0x00, 0x00, 0x00 },
        { 0x00, 0x06, 0xff, 0xf8, 0x00, 0x00, 0x00, 0x00 },
        { 0x00, 0x05, 0xff, 0xfe, 0x30, 0x00, 0x00, 0x00 },
        { 0x00, 0x7f, 0xff, 0xff, 0xd0, 0x00, 0x00, 0x00 },
        { 0x05, 0xff, 0xe6, 0xef, 0xf9, 0x00, 0x7f, 0xf6 },
        { 0x0d, 0xff, 0x50, 0x8f, 0xff, 0x40, 0x7f, 0xf5 },
        { 0x4f, 0xfe, 0x00, 0x0d, 0xff, 0xd1, 0x8f, 0xf4 },
        { 0x6f, 0xfe, 0x00, 0x04, 0xff, 0xf9, 0xcf, 0xf1 },
        { 0x7f, 0xff, 0x10, 0x00, 0x9f, 0xff, 0xff, 0xb0 },
        { 0x5f, 0xff, 0x90, 0x00, 0x1d, 0xff, 0xff, 0x40 },
        { 0x1e, 0xff, 0xf8, 0x10, 0x3c, 0xff, 0xfb, 0x00 },
        { 0x07, 0xff, 0xff, 0xff, 0xff, 0xff, 0xfe, 0x30 },
        { 0x00, 0x8f, 0xff, 0xff, 0xff, 0xff, 0xff, 0xb0 },
        { 0x00, 0x03, 0x9d, 0xee, 0xc8, 0x29, 0xff, 0xf5 },
        { 0x00, 0x00, 0x00, 0x00, 0x00, 0x00, 0x00, 0x00 },
        { 0x00, 0x00, 0x00, 0x00, 0x00, 0x00, 0x00, 0x00 },
        { 0x00, 0x00, 0x00, 0x00, 0x00, 0x00, 0x00, 0x00 },
        { 0x00, 0x00, 0x00, 0x00, 0x00, 0x00, 0x00, 0x00 },
        { 0x00, 0x00, 0x00, 0x00, 0x00, 0x00, 0x00, 0x00 },
        { 0x00, 0x00, 0x00, 0x00, 0x00, 0x00, 0x00, 0x00 },
        { 0x00, 0x00, 0x00, 0x00, 0x00, 0x00, 0x00, 0x00 },
    },
    { /* ' */
        { 0x00, 0x00, 0x00, 0x00, 0x00, 0x00, 0x00, 0x00 },
        { 0x00, 0x00, 0x00, 0x00, 0x00, 0x00, 0x00, 0x00 },
        { 0x00, 0x00, 0x00, 0x00, 0x00, 0x00, 0x00, 0x00 },
        { 0x00, 0x00, 0x00, 0x00, 0x00, 0x00, 0x00, 0x00 },
        { 0x00, 0x00, 0x00, 0x00, 0x00, 0x00, 0x00, 0x00 },
        { 0x00, 0x00, 0x00, 0x00, 0x00, 0x00, 0x00, 0x00 },
        { 0x00, 0x00, 0x00, 0xcf, 0xf6, 0x00, 0x00, 0x00 },
        { 0x00, 0x00, 0x00, 0xcf, 0xf6, 0x00, 0x00, 0x00 },
        { 0x00, 0x00, 0x00, 0xcf, 0xf6, 0x00, 0x00, 0x00 },
        { 0x00, 0x00, 0x00, 0xcf, 0xf6, 0x00, 0x00, 0x00 },
        { 0x00, 0x00, 0x00, 0xcf, 0xf6, 0x00, 0x00, 0x00 },
        { 0x00, 0x00, 0x00, 0xcf, 0xf6, 0x00, 0x00, 0x00 },
        { 0x00, 0x00, 0x00, 0xcf, 0xf6, 0x00, 0x00, 0x00 },
        { 0x00, 0x00, 0x00, 0x00, 0x00, 0x00, 0x00, 0x00 },
        { 0x00, 0x00, 0x00, 0x00, 0x00, 0x00, 0x00, 0x00 },
        { 0x00, 0x00, 0x00, 0x00, 0x00, 0x00, 0x00, 0x00 },
        { 0x00, 0x00, 0x00, 0x00, 0x00, 0x00, 0x00, 0x00 },
        { 0x00, 0x00, 0x00, 0x00, 0x00, 0x00, 0x00, 0x00 },
        { 0x00, 0x00, 0x00, 0x00, 0x00, 0x00, 0x00, 0x00 },
        { 0x00, 0x00, 0x00, 0x00, 0x00, 0x00, 0x00, 0x00 },
        { 0x00, 0x00, 0x00, 0x00, 0x00, 0x00, 0x00, 0x00 },
        { 0x00, 0x00, 0x00, 0x00, 0x00, 0x00, 0x00, 0x00 },
        { 0x00, 0x00, 0x00, 0x00, 0x00, 0x00, 0x00, 0x00 },
        { 0x00, 0x00, 0x00, 0x00, 0x00, 0x00, 0x00, 0x00 },
        { 0x00, 0x00, 0x00, 0x00, 0x00, 0x00, 0x00, 0x00 },
        { 0x00, 0x00, 0x00, 0x00, 0x00, 0x00, 0x00, 0x00 },
        { 0x00, 0x00, 0x00, 0x00, 0x00, 0x00, 0x00, 0x00 },
        { 0x00, 0x00, 0x00, 0x00, 0x00, 0x00, 0x00, 0x00 },
        { 0x00, 0x00, 0x00, 0x00, 0x00, 0x00, 0x00, 0x00 },
        { 0x00, 0x00, 0x00, 0x00, 0x00, 0x00, 0x00, 0x00 },
        { 0x00, 0x00, 0x00, 0x00, 0x00, 0x00, 0x00, 0x00 },
        { 0x00, 0x00, 0x00, 0x00, 0x00, 0x00, 0x00, 0x00 },
    },
    { /* ( */
        { 0x00, 0x00, 0x00, 0x00, 0x00, 0x00, 0x00, 0x00 },
        { 0x00, 0x00, 0x00, 0x00, 0x00, 0x00, 0x00, 0x00 },
        { 0x00, 0x00, 0x00, 0x00, 0x00, 0x00, 0x00, 0x00 },
        { 0x00, 0x00, 0x00, 0x00, 0x00, 0x00, 0x00, 0x00 },
        { 0x00, 0x00, 0x00, 0x00, 0x00, 0x00, 0x00, 0x00 },
        { 0x00, 0x00, 0x00, 0x00, 0x7f, 0xf7, 0x00, 0x00 },
        { 0x00, 0x00, 0x00, 0x02, 0xef, 0xe0, 0x00, 0x00 },
        { 0x00, 0x00, 0x00, 0x0a, 0xff, 0x70, 0x00, 0x00 },
        { 0x00, 0x00, 0x00, 0x3f, 0xfe, 0x10, 0x00, 0x00 },
        { 0x00, 0x00, 0x00, 0xaf, 0xfa, 0x00, 0x00, 0x00 },
        { 0x00, 0x00, 0x01, 0xef, 0xf5, 0x00, 0x00, 0x00 },
        { 0x00, 0x00, 0x05, 0xff, 0xf1, 0x00, 0x00, 0x00 },
        { 0x00, 0x00, 0x09, 0xff, 0xd0, 0x00, 0x00, 0x00 },
        { 0x00, 0x00, 0x0c, 0xff, 0xa0, 0x00, 0x00, 0x00 },
        { 0x00, 0x00, 0x0e, 0xff, 0x80, 0x00, 0x00, 0x00 },
        { 0x00, 0x00, 0x0f, 0xff, 0x70, 0x00, 0x00, 0x00 },
        { 0x00, 0x00, 0x1f, 0xff, 0x60, 0x00, 0x00, 0x00 },
        { 0x00, 0x00, 0x0f, 0xff, 0x70, 0x00, 0x00, 0x00 },
        { 0x00, 0x00, 0x0e, 0xff, 0x80, 0x00, 0x00, 0x00 },
        { 0x00, 0x00, 0x0c, 0xff, 0xa0, 0x00, 0x00, 0x00 },
        { 0x00, 0x00, 0x09, 0xff, 0xd0, 0x00, 0x00, 0x00 },
        { 0x00, 0x00, 0x05, 0xff, 0xf1, 0x00, 0x00, 0x00 },
        { 0x00, 0x00, 0x01, 0xef, 0xf5, 0x00, 0x00, 0x00 },
        { 0x00, 0x00, 0x00, 0xaf, 0xfb, 0x00, 0x00, 0x00 },
        { 0x00, 0x00, 0x00, 0x3f, 0xfe, 0x10, 0x00, 0x00 },
        { 0x00, 0x00, 0x00, 0x0a, 0xff, 0x70, 0x00, 0x00 },
        { 0x00, 0x00, 0x00, 0x02, 0xef, 0xe0, 0x00, 0x00 },
        { 0x00, 0x00, 0x00, 0x00, 0x7f, 0xf7, 0x00, 0x00 },
        { 0x00, 0x00, 0x00, 0x00, 0x00, 0x00, 0x00, 0x00 },
        { 0x00, 0x00, 0x00, 0x00, 0x00, 0x00, 0x00, 0x00 },
        { 0x00, 0x00, 0x00, 0x00, 0x00, 0x00, 0x00, 0x00 },
        { 0x00, 0x00, 0x00, 0x00, 0x00, 0x00, 0x00, 0x00 },
    },
    { /* ) */
        { 0x00, 0x00, 0x00, 0x00, 0x00, 0x00, 0x00, 0x00 },
        { 0x00, 0x00, 0x00, 0x00, 0x00, 0x00, 0x00, 0x00 },
        { 0x00, 0x00, 0x00, 0x00, 0x00, 0x00, 0x00, 0x00 },
        { 0x00, 0x00, 0x00, 0x00, 0x00, 0x00, 0x00, 0x00 },
        { 0x00, 0x00, 0x00, 0x00, 0x00, 0x00, 0x00, 0x00 },
        { 0x00, 0x00, 0xcf, 0xe2, 0x00, 0x00, 0x00, 0x00 },
        { 0x00, 0x00, 0x5f, 0xfb, 0x00, 0x00, 0x00, 0x00 },
        { 0x00, 0x00, 0x0c, 0xff, 0x50, 0x00, 0x00, 0x00 },
        { 0x00, 0x00, 0x06, 0xff, 0xc0, 0x00, 0x00, 0x00 },
        { 0x00, 0x00, 0x01, 0xef, 0xf4, 0x00, 0x00, 0x00 },
        { 0x00, 0x00, 0x00, 0xaf, 0xfa, 0x00, 0x00, 0x00 },
        { 0x00, 0x00, 0x00, 0x6f, 0xfe, 0x00, 0x00, 0x00 },
        { 0x00, 0x00, 0x00, 0x3f, 0xff, 0x40, 0x00, 0x00 },
        { 0x00, 0x00, 0x00, 0x0e, 0xff, 0x70, 0x00, 0x00 },
        { 0x00, 0x00, 0x00, 0x0d, 0xff, 0x90, 0x00, 0x00 },
        { 0x00, 0x00, 0x00, 0x0c, 0xff, 0xa0, 0x00, 0x00 },
        { 0x00, 0x00, 0x00, 0x0c, 0xff, 0xb0, 0x00, 0x00 },
        { 0x00, 0x00, 0x00, 0x0c, 0xff, 0xa0, 0x00, 0x00 },
        { 0x00, 0x00, 0x00, 0x0e, 0xff, 0x90, 0x00, 0x00 },
        { 0x00, 0x00, 0x00, 0x0e, 0xff, 0x70, 0x00, 0x00 },
        { 0x00, 0x00, 0x00, 0x3f, 0xff, 0x40, 0x00, 0x00 },
        { 0x00, 0x00, 0x00, 0x6f, 0xfe, 0x00, 0x00, 0x00 },
        { 0x00, 0x00, 0x00, 0xaf, 0xfa, 0x00, 0x00, 0x00 },
        { 0x00, 0x00, 0x01, 0xef, 0xf4, 0x00, 0x00, 0x00 },
        { 0x00, 0x00, 0x06, 0xff, 0xc0, 0x00, 0x00, 0x00 },
        { 0x00, 0x00, 0x0c, 0xff, 0x50, 0x00, 0x00, 0x00 },
        { 0x00, 0x00, 0x5f, 0xfb, 0x00, 0x00, 0x00, 0x00 },
        { 0x00, 0x00, 0xcf, 0xe2, 0x00, 0x00, 0x00, 0x00 },
        { 0x00, 0x00, 0x00, 0x00, 0x00, 0x00, 0x00, 0x00 },
        { 0x00, 0x00, 0x00, 0x00, 0x00, 0x00, 0x00, 0x00 },
        { 0x00, 0x00, 0x00, 0x00, 0x00, 0x00, 0x00, 0x00 },
        { 0x00, 0x00, 0x00, 0x00, 0x00, 0x00, 0x00, 0x00 },
    },
    { /* * */
        { 0x00, 0x00, 0x00, 0x00, 0x00, 0x00, 0x00, 0x00 },
        { 0x00, 0x00, 0x00, 0x00, 0x00, 0x00, 0x00, 0x00 },
        { 0x00, 0x00, 0x00, 0x00, 0x00, 0x00, 0x00, 0x00 },
        { 0x00, 0x00, 0x00, 0x00, 0x00, 0x00, 0x00, 0x00 },
        { 0x00, 0x00, 0x00, 0x00, 0x00, 0x00, 0x00, 0x00 },
        { 0x00, 0x00, 0x00, 0x00, 0x00, 0x00, 0x00, 0x00 },
        { 0x00, 0x00, 0x00, 0x4f, 0xd0, 0x00, 0x00, 0x00 },
        { 0x00, 0x00, 0x00, 0x4f, 0xd0, 0x00, 0x00, 0x00 },
        { 0x00, 0xa6, 0x00, 0x4f, 0xd0, 0x02, 0xa5, 0x00 },
        { 0x03, 0xff, 0xd5, 0x4f, 0xd1, 0x8e, 0xfc, 0x00 },
        { 0x00, 0x4c, 0xff, 0xdf, 0xee, 0xfe, 0x91, 0x00 },
        { 0x00, 0x00, 0x5c, 0xff, 0xff, 0xa2, 0x00, 0x00 },
        { 0x00, 0x00, 0x5c, 0xff, 0xfe, 0xa2, 0x00, 0x00 },
        { 0x00, 0x4c, 0xff, 0xdf, 0xed, 0xfe, 0x91, 0x00 },
        { 0x03, 0xff, 0xc4, 0x4f, 0xd1, 0x8e, 0xfc, 0x00 },
        { 0x00, 0xa6, 0x00, 0x4f, 0xd0, 0x02, 0xa5, 0x00 },
        { 0x00, 0x00, 0x00, 0x4f, 0xd0, 0x00, 0x00, 0x00 },
        { 0x00, 0x00, 0x00, 0x4f, 0xd0, 0x00, 0x00, 0x00 },
        { 0x00, 0x00, 0x00, 0x00, 0x00, 0x00, 0x00, 0x00 },
        { 0x00, 0x00, 0x00, 0x00, 0x00, 0x00, 0x00, 0x00 },
        { 0x00, 0x00, 0x00, 0x00, 0x00, 0x00, 0x00, 0x00 },
        { 0x00, 0x00, 0x00, 0x00, 0x00, 0x00, 0x00, 0x00 },
        { 0x00, 0x00, 0x00, 0x00, 0x00, 0x00, 0x00, 0x00 },
        { 0x00, 0x00, 0x00, 0x00, 0x00, 0x00, 0x00, 0x00 },
        { 0x00, 0x00, 0x00, 0x00, 0x00, 0x00, 0x00, 0x00 },
        { 0x00, 0x00, 0x00, 0x00, 0x00, 0x00, 0x00, 0x00 },
        { 0x00, 0x00, 0x00, 0x00, 0x00, 0x00, 0x00, 0x00 },
        { 0x00, 0x00, 0x00, 0x00, 0x00, 0x00, 0x00, 0x00 },
        { 0x00, 0x00, 0x00, 0x00, 0x00, 0x00, 0x00, 0x00 },
        { 0x00, 0x00, 0x00, 0x00, 0x00, 0x00, 0x00, 0x00 },
        { 0x00, 0x00, 0x00, 0x00, 0x00, 0x00, 0x00, 0x00 },
        { 0x00, 0x00, 0x00, 0x00, 0x00, 0x00, 0x00, 0x00 },
    },
    { /* + */
        { 0x00, 0x00, 0x00, 0x00, 0x00, 0x00, 0x00, 0x00 },
        { 0x00, 0x00, 0x00, 0x00, 0x00, 0x00, 0x00, 0x00 },
        { 0x00, 0x00, 0x00, 0x00, 0x00, 0x00, 0x00, 0x00 },
        { 0x00, 0x00, 0x00, 0x00, 0x00, 0x00, 0x00, 0x00 },
        { 0x00, 0x00, 0x00, 0x00, 0x00, 0x00, 0x00, 0x00 },
        { 0x00, 0x00, 0x00, 0x00, 0x00, 0x00, 0x00, 0x00 },
        { 0x00, 0x00, 0x00, 0x00, 0x00, 0x00, 0x00, 0x00 },
        { 0x00, 0x00, 0x00, 0x00, 0x00, 0x00, 0x00, 0x00 },
        { 0x00, 0x00, 0x00, 0x00, 0x00, 0x00, 0x00, 0x00 },
        { 0x00, 0x00, 0x00, 0x00, 0x00, 0x00, 0x00, 0x00 },
        { 0x00, 0x00, 0x00, 0xaf, 0xf4, 0x00, 0x00, 0x00 },
        { 0x00, 0x00, 0x00, 0xaf, 0xf4, 0x00, 0x00, 0x00 },
        { 0x00, 0x00, 0x00, 0xaf, 0xf4, 0x00, 0x00, 0x00 },
        { 0x00, 0x00, 0x00, 0xaf, 0xf4, 0x00, 0x00, 0x00 },
        { 0x00, 0x00, 0x00, 0xaf, 0xf4, 0x00, 0x00, 0x00 },
        { 0x2f, 0xff, 0xff, 0xff, 0xff, 0xff, 0xff, 0xc0 },
        { 0x2f, 0xff, 0xff, 0xff, 0xff, 0xff, 0xff, 0xc0 },
        { 0x2f, 0xff, 0xff, 0xff, 0xff, 0xff, 0xff, 0xc0 },
        { 0x00, 0x00, 0x00, 0xaf, 0xf4, 0x00, 0x00, 0x00 },
        { 0x00, 0x00, 0x00, 0xaf, 0xf4, 0x00, 0x00, 0x00 },
        { 0x00, 0x00, 0x00, 0xaf, 0xf4, 0x00, 0x00, 0x00 },
        { 0x00, 0x00, 0x00, 0xaf, 0xf4, 0x00, 0x00, 0x00 },
        { 0x00, 0x00, 0x00, 0xaf, 0xf4, 0x00, 0x00, 0x00 },
        { 0x00, 0x00, 0x00, 0x00, 0x00, 0x00, 0x00, 0x00 },
        { 0x00, 0x00, 0x00, 0x00, 0x00, 0x00, 0x00, 0x00 },
        { 0x00, 0x00, 0x00, 0x00, 0x00, 0x00, 0x00, 0x00 },
        { 0x00, 0x00, 0x00, 0x00, 0x00, 0x00, 0x00, 0x00 },
        { 0x00, 0x00, 0x00, 0x00, 0x00, 0x00, 0x00, 0x00 },
        { 0x00, 0x00, 0x00, 0x00, 0x00, 0x00, 0x00, 0x00 },
        { 0x00, 0x00, 0x00, 0x00, 0x00, 0x00, 0x00, 0x00 },
        { 0x00, 0x00, 0x00, 0x00, 0x00, 0x00, 0x00, 0x00 },
        { 0x00, 0x00, 0x00, 0x00, 0x00, 0x00, 0x00, 0x00 },
    },
    { /* , */
        { 0x00, 0x00, 0x00, 0x00, 0x00, 0x00, 0x00, 0x00 },
        { 0x00, 0x00, 0x00, 0x00, 0x00, 0x00, 0x00, 0x00 },
        { 0x00, 0x00, 0x00, 0x00, 0x00, 0x00, 0x00, 0x00 },
        { 0x00, 0x00, 0x00, 0x00, 0x00, 0x00, 0x00, 0x00 },
        { 0x00, 0x00, 0x00, 0x00, 0x00, 0x00, 0x00, 0x00 },
        { 0x00, 0x00, 0x00, 0x00, 0x00, 0x00, 0x00, 0x00 },
        { 0x00, 0x00, 0x00, 0x00, 0x00, 0x00, 0x00, 0x00 },
        { 0x00, 0x00, 0x00, 0x00, 0x00, 0x00, 0x00, 0x00 },
        { 0x00, 0x00, 0x00, 0x00, 0x00, 0x00, 0x00, 0x00 },
        { 0x00, 0x00, 0x00, 0x00, 0x00, 0x00, 0x00, 0x00 },
        { 0x00, 0x00, 0x00, 0x00, 0x00, 0x00, 0x00, 0x00 },
        { 0x00, 0x00, 0x00, 0x00, 0x00, 0x00, 0x00, 0x00 },
        { 0x00, 0x00, 0x00, 0x00, 0x00, 0x00, 0x00, 0x00 },
        { 0x00, 0x00, 0x00, 0x00, 0x00, 0x00, 0x00, 0x00 },
        { 0x00, 0x00, 0x00, 0x00, 0x00, 0x00, 0x00, 0x00 },
        { 0x00, 0x00, 0x00, 0x00, 0x00, 0x00, 0x00, 0x00 },
        { 0x00, 0x00, 0x00, 0x00, 0x00, 0x00, 0x00, 0x00 },
        { 0x00, 0x00, 0x00, 0x00, 0x00, 0x00, 0x00, 0x00 },
        { 0x00, 0x00, 0x00, 0x00, 0x00, 0x00, 0x00, 0x00 },
        { 0x00, 0x00, 0x00, 0x00, 0x00, 0x00, 0x00, 0x00 },
        { 0x00, 0x00, 0x02, 0xff, 0xfc, 0x00, 0x00, 0x00 },
        { 0x00, 0x00, 0x02, 0xff, 0xfc, 0x00, 0x00, 0x00 },
        { 0x00, 0x00, 0x02, 0xff, 0xfc, 0x00, 0x00, 0x00 },
        { 0x00, 0x00, 0x03, 0xff, 0xfa, 0x00, 0x00, 0x00 },
        { 0x00, 0x00, 0x06, 0xff, 0xe3, 0x00, 0x00, 0x00 },
        { 0x00, 0x00, 0x0b, 0xff, 0xa0, 0x00, 0x00, 0x00 },
        { 0x00, 0x00, 0x0e, 0xfe, 0x20, 0x00, 0x00, 0x00 },
        { 0x00, 0x00, 0x4f, 0xf9, 0x00, 0x00, 0x00, 0x00 },
        { 0x00, 0x00, 0x00, 0x00, 0x00, 0x00, 0x00, 0x00 },
        { 0x00, 0x00, 0x00, 0x00, 0x00, 0x00, 0x00, 0x00 },
        { 0x00, 0x00, 0x00, 0x00, 0x00, 0x00, 0x00, 0x00 },
        { 0x00, 0x00, 0x00, 0x00, 0x00, 0x00, 0x00, 0x00 },
    },
    { /* - */
        { 0x00, 0x00, 0x00, 0x00, 0x00, 0x00, 0x00, 0x00 },
        { 0x00, 0x00, 0x00, 0x00, 0x00, 0x00, 0x00, 0x00 },
        { 0x00, 0x00, 0x00, 0x00, 0x00, 0x00, 0x00, 0x00 },
        { 0x00, 0x00, 0x00, 0x00, 0x00, 0x00, 0x00, 0x00 },
        { 0x00, 0x00, 0x00, 0x00, 0x00, 0x00, 0x00, 0x00 },
        { 0x00, 0x00, 0x00, 0x00, 0x00, 0x00, 0x00, 0x00 },
        { 0x00, 0x00, 0x00, 0x00, 0x00, 0x00, 0x00, 0x00 },
        { 0x00, 0x00, 0x00, 0x00, 0x00, 0x00, 0x00, 0x00 },
        { 0x00, 0x00, 0x00, 0x00, 0x00, 0x00, 0x00, 0x00 },
        { 0x00, 0x00, 0x00, 0x00, 0x00, 0x00, 0x00, 0x00 },
        { 0x00, 0x00, 0x00, 0x00, 0x00, 0x00, 0x00, 0x00 },
        { 0x00, 0x00, 0x00, 0x00, 0x00, 0x00, 0x00, 0x00 },
        { 0x00, 0x00, 0x00, 0x00, 0x00, 0x00, 0x00, 0x00 },
        { 0x00, 0x00, 0x00, 0x00, 0x00, 0x00, 0x00, 0x00 },
        { 0x00, 0x00, 0x00, 0x00, 0x00, 0x00, 0x00, 0x00 },
        { 0x00, 0x02, 0xff, 0xff, 0xff, 0xfc, 0x00, 0x00 },
        { 0x00, 0x02, 0xff, 0xff, 0xff, 0xfc, 0x00, 0x00 },
        { 0x00, 0x02, 0xff, 0xff, 0xff, 0xfc, 0x00, 0x00 },
        { 0x00, 0x02, 0xff, 0xff, 0xff, 0xfc, 0x00, 0x00 },
        { 0x00, 0x00, 0x00, 0x00, 0x00, 0x00, 0x00, 0x00 },
        { 0x00, 0x00, 0x00, 0x00, 0x00, 0x00, 0x00, 0x00 },
        { 0x00, 0x00, 0x00, 0x00, 0x00, 0x00, 0x00, 0x00 },
        { 0x00, 0x00, 0x00, 0x00, 0x00, 0x00, 0x00, 0x00 },
        { 0x00, 0x00, 0x00, 0x00, 0x00, 0x00, 0x00, 0x00 },
        { 0x00, 0x00, 0x00, 0x00, 0x00, 0x00, 0x00, 0x00 },
        { 0x00, 0x00, 0x00, 0x00, 0x00, 0x00, 0x00, 0x00 },
        { 0x00, 0x00, 0x00, 0x00, 0x00, 0x00, 0x00, 0x00 },
        { 0x00, 0x00, 0x00, 0x00, 0x00, 0x00, 0x00, 0x00 },
        { 0x00, 0x00, 0x00, 0x00, 0x00, 0x00, 0x00, 0x00 },
        { 0x00, 0x00, 0x00, 0x00, 0x00, 0x00, 0x00, 0x00 },
        { 0x00, 0x00, 0x00, 0x00, 0x00, 0x00, 0x00, 0x00 },
        { 0x00, 0x00, 0x00, 0x00, 0x00, 0x00, 0x00, 0x00 },
    },
    { /* . */
        { 0x00, 0x00, 0x00, 0x00, 0x00, 0x00, 0x00, 0x00 },
        { 0x00, 0x00, 0x00, 0x00, 0x00, 0x00, 0x00, 0x00 },
        { 0x00, 0x00, 0x00, 0x00, 0x00, 0x00, 0x00, 0x00 },
        { 0x00, 0x00, 0x00, 0x00, 0x00, 0x00, 0x00, 0x00 },
        { 0x00, 0x00, 0x00, 0x00, 0x00, 0x00, 0x00, 0x00 },
        { 0x00, 0x00, 0x00, 0x00, 0x00, 0x00, 0x00, 0x00 },
        { 0x00, 0x00, 0x00, 0x00, 0x00, 0x00, 0x00, 0x00 },
        { 0x00, 0x00, 0x00, 0x00, 0x00, 0x00, 0x00, 0x00 },
        { 0x00, 0x00, 0x00, 0x00, 0x00, 0x00, 0x00, 0x00 },
        { 0x00, 0x00, 0x00, 0x00, 0x00, 0x00, 0x00, 0x00 },
        { 0x00, 0x00, 0x00, 0x00, 0x00, 0x00, 0x00, 0x00 },
        { 0x00, 0x00, 0x00, 0x00, 0x00, 0x00, 0x00, 0x00 },
        { 0x00, 0x00, 0x00, 0x00, 0x00, 0x00, 0x00, 0x00 },
        { 0x00, 0x00, 0x00, 0x00, 0x00, 0x00, 0x00, 0x00 },
        { 0x00, 0x00, 0x00, 0x00, 0x00, 0x00, 0x00, 0x00 },
        { 0x00, 0x00, 0x00, 0x00, 0x00, 0x00, 0x00, 0x00 },
        { 0x00, 0x00, 0x00, 0x00, 0x00, 0x00, 0x00, 0x00 },
        { 0x00, 0x00, 0x00, 0x00, 0x00, 0x00, 0x00, 0x00 },
        { 0x00, 0x00, 0x00, 0x00, 0x00, 0x00, 0x00, 0x00 },
        { 0x00, 0x00, 0x00, 0x00, 0x00, 0x00, 0x00, 0x00 },
        { 0x00, 0x00, 0x04, 0xff, 0xfd, 0x00, 0x00, 0x00 },
        { 0x00, 0x00, 0x04, 0xff, 0xfd, 0x00, 0x00, 0x00 },
        { 0x00, 0x00, 0x04, 0xff, 0xfd, 0x00, 0x00, 0x00 },
        { 0x00, 0x00, 0x04, 0xff, 0xfd, 0x00, 0x00, 0x00 },
        { 0x00, 0x00, 0x04, 0xff, 0xfd, 0x00, 0x00, 0x00 },
        { 0x00, 0x00, 0x00, 0x00, 0x00, 0x00, 0x00, 0x00 },
        { 0x00, 0x00, 0x00, 0x00, 0x00, 0x00, 0x00, 0x00 },
        { 0x00, 0x00, 0x00, 0x00, 0x00, 0x00, 0x00, 0x00 },
        { 0x00, 0x00, 0x00, 0x00, 0x00, 0x00, 0x00, 0x00 },
        { 0x00, 0x00, 0x00, 0x00, 0x00, 0x00, 0x00, 0x00 },
        { 0x00, 0x00, 0x00, 0x00, 0x00, 0x00, 0x00, 0x00 },
        { 0x00, 0x00, 0x00, 0x00, 0x00, 0x00, 0x00, 0x00 },
    },
    { /* / */
        { 0x00, 0x00, 0x00, 0x00, 0x00, 0x00, 0x00, 0x00 },
        { 0x00, 0x00, 0x00, 0x00, 0x00, 0x00, 0x00, 0x00 },
        { 0x00, 0x00, 0x00, 0x00, 0x00, 0x00, 0x00, 0x00 },
        { 0x00, 0x00, 0x00, 0x00, 0x00, 0x00, 0x00, 0x00 },
        { 0x00, 0x00, 0x00, 0x00, 0x00, 0x00, 0x00, 0x00 },
        { 0x00, 0x00, 0x00, 0x00, 0x00, 0x00, 0x00, 0x00 },
        { 0x00, 0x00, 0x00, 0x00, 0x00, 0x0c, 0xfe, 0x00 },
        { 0x00, 0x00, 0x00, 0x00, 0x00, 0x4f, 0xf7, 0x00 },
        { 0x00, 0x00, 0x00, 0x00, 0x00, 0xbf, 0xe1, 0x00 },
        { 0x00, 0x00, 0x00, 0x00, 0x03, 0xff, 0x80, 0x00 },
        { 0x00, 0x00, 0x00, 0x00, 0x0b, 0xfe, 0x10, 0x00 },
        { 0x00, 0x00, 0x00, 0x00, 0x3f, 0xf9, 0x00, 0x00 },
        { 0x00, 0x00, 0x00, 0x00, 0xaf, 0xe2, 0x00, 0x00 },
        { 0x00, 0x00, 0x00, 0x02, 0xef, 0x90, 0x00, 0x00 },
        { 0x00, 0x00, 0x00, 0x09, 0xff, 0x20, 0x00, 0x00 },
        { 0x00, 0x00, 0x00, 0x1e, 0xfa, 0x00, 0x00, 0x00 },
        { 0x00, 0x00, 0x00, 0x8f, 0xf3, 0x00, 0x00, 0x00 },
        { 0x00, 0x00, 0x01, 0xef, 0xb0, 0x00, 0x00, 0x00 },
        { 0x00, 0x00, 0x07, 0xff, 0x40, 0x00, 0x00, 0x00 },
        { 0x00, 0x00, 0x0e, 0xfc, 0x00, 0x00, 0x00, 0x00 },
        { 0x00, 0x00, 0x7f, 0xf4, 0x00, 0x00, 0x00, 0x00 },
        { 0x00, 0x00, 0xdf, 0xc0, 0x00, 0x00, 0x00, 0x00 },
        { 0x00, 0x06, 0xff, 0x50, 0x00, 0x00, 0x00, 0x00 },
        { 0x00, 0x0d, 0xfd, 0x00, 0x00, 0x00, 0x00, 0x00 },
        { 0x00, 0x5f, 0xf6, 0x00, 0x00, 0x00, 0x00, 0x00 },
        { 0x00, 0xcf, 0xd0, 0x00, 0x00, 0x00, 0x00, 0x00 },
        { 0x04, 0xff, 0x70, 0x00, 0x00, 0x00, 0x00, 0x00 },
        { 0x00, 0x00, 0x00, 0x00, 0x00, 0x00, 0x00, 0x00 },
        { 0x00, 0x00, 0x00, 0x00, 0x00, 0x00, 0x00, 0x00 },
        { 0x00, 0x00, 0x00, 0x00, 0x00, 0x00, 0x00, 0x00 },
        { 0x00, 0x00, 0x00, 0x00, 0x00, 0x00, 0x00, 0x00 },
        { 0x00, 0x00, 0x00, 0x00, 0x00, 0x00, 0x00, 0x00 },
    },
    { /* 0 */
        { 0x00, 0x00, 0x00, 0x00, 0x00, 0x00, 0x00, 0x00 },
        { 0x00, 0x00, 0x00, 0x00, 0x00, 0x00, 0x00, 0x00 },
        { 0x00, 0x00, 0x00, 0x00, 0x00, 0x00, 0x00, 0x00 },
        { 0x00, 0x00, 0x00, 0x00, 0x00, 0x00, 0x00, 0x00 },
        { 0x00, 0x00, 0x00, 0x00, 0x00, 0x00, 0x00, 0x00 },
        { 0x00, 0x00, 0x00, 0x00, 0x00, 0x00, 0x00, 0x00 },
        { 0x00, 0x00, 0x18, 0xce, 0xeb, 0x60, 0x00, 0x00 },
        { 0x00, 0x02, 0xdf, 0xff, 0xff, 0xfa, 0x00, 0x00 },
        { 0x00, 0x0d, 0xff, 0xff, 0xff, 0xff, 0x80, 0x00 },
        { 0x00, 0x6f, 0xff, 0x91, 0x2d, 0xff, 0xe1, 0x00 },
        { 0x00, 0xcf, 0xfd, 0x00, 0x04, 0xff, 0xf6, 0x00 },
        { 0x01, 0xef, 0xf9, 0x00, 0x00, 0xef, 0xfa, 0x00 },
        { 0x03, 0xff, 0xf7, 0x00, 0x00, 0xcf, 0xfd, 0x00 },
        { 0x05, 0xff, 0xf5, 0x00, 0x00, 0xbf, 0xfe, 0x00 },
        { 0x05, 0xff, 0xf5, 0x4d, 0xc1, 0xaf, 0xff, 0x00 },
        { 0x06, 0xff, 0xf5, 0xaf, 0xf5, 0xaf, 0xff, 0x10 },
        { 0x05, 0xff, 0xf5, 0x4d, 0xc1, 0xaf, 0xff, 0x00 },
        { 0x05, 0xff, 0xf5, 0x00, 0x00, 0xbf, 0xfe, 0x00 },
        { 0x03, 0xff, 0xf7, 0x00, 0x00, 0xcf, 0xfd, 0x00 },
        { 0x01, 0xef, 0xf9, 0x00, 0x00, 0xef, 0xfa, 0x00 },
        { 0x00, 0xcf, 0xfd, 0x00, 0x04, 0xff, 0xf6, 0x00 },
        { 0x00, 0x6f, 0xff, 0x90, 0x2d, 0xff, 0xe1, 0x00 },
        { 0x00, 0x0d, 0xff, 0xff, 0xff, 0xff, 0x80, 0x00 },
        { 0x00, 0x02, 0xdf, 0xff, 0xff, 0xfb, 0x00, 0x00 },
        { 0x00, 0x00, 0x18, 0xce, 0xeb, 0x60, 0x00, 0x00 },
        { 0x00, 0x00, 0x00, 0x00, 0x00, 0x00, 0x00, 0x00 },
        { 0x00, 0x00, 0x00, 0x00, 0x00, 0x00, 0x00, 0x00 },
        { 0x00, 0x00, 0x00, 0x00, 0x00, 0x00, 0x00, 0x00 },
        { 0x00, 0x00, 0x00, 0x00, 0x00, 0x00, 0x00, 0x00 },
        { 0x00, 0x00, 0x00, 0x00, 0x00, 0x00, 0x00, 0x00 },
        { 0x00, 0x00, 0x00, 0x00, 0x00, 0x00, 0x00, 0x00 },
        { 0x00, 0x00, 0x00, 0x00, 0x00, 0x00, 0x00, 0x00 },
    },
    { /* 1 */
        { 0x00, 0x00, 0x00, 0x00, 0x00, 0x00, 0x00, 0x00 },
        { 0x00, 0x00, 0x00, 0x00, 0x00, 0x00, 0x00, 0x00 },
        { 0x00, 0x00, 0x00, 0x00, 0x00, 0x00, 0x00, 0x00 },
        { 0x00, 0x00, 0x00, 0x00, 0x00, 0x00, 0x00, 0x00 },
        { 0x00, 0x00, 0x00, 0x00, 0x00, 0x00, 0x00, 0x00 },
        { 0x00, 0x00, 0x00, 0x00, 0x00, 0x00, 0x00, 0x00 },
        { 0x00, 0x03, 0x6a, 0xef, 0xff, 0x30, 0x00, 0x00 },
        { 0x00, 0x4f, 0xff, 0xff, 0xff, 0x30, 0x00, 0x00 },
        { 0x00, 0x4f, 0xff, 0xff, 0xff, 0x30, 0x00, 0x00 },
        { 0x00, 0x4b, 0x84, 0x6f, 0xff, 0x30, 0x00, 0x00 },
        { 0x00, 0x00, 0x00, 0x6f, 0xff, 0x30, 0x00, 0x00 },
        { 0x00, 0x00, 0x00, 0x6f, 0xff, 0x30, 0x00, 0x00 },
        { 0x00, 0x00, 0x00, 0x6f, 0xff, 0x30, 0x00, 0x00 },
        { 0x00, 0x00, 0x00, 0x6f, 0xff, 0x30, 0x00, 0x00 },
        { 0x00, 0x00, 0x00, 0x6f, 0xff, 0x30, 0x00, 0x00 },
        { 0x00, 0x00, 0x00, 0x6f, 0xff, 0x30, 0x00, 0x00 },
        { 0x00, 0x00, 0x00, 0x6f, 0xff, 0x30, 0x00, 0x00 },
        { 0x00, 0x00, 0x00, 0x6f, 0xff, 0x30, 0x00, 0x00 },
        { 0x00, 0x00, 0x00, 0x6f, 0xff, 0x30, 0x00, 0x00 },
        { 0x00, 0x00, 0x00, 0x6f, 0xff, 0x30, 0x00, 0x00 },
        { 0x00, 0x00, 0x00, 0x6f, 0xff, 0x30, 0x00, 0x00 },
        { 0x00, 0x00, 0x00, 0x6f, 0xff, 0x30, 0x00, 0x00 },
        { 0x00, 0x9f, 0xff, 0xff, 0xff, 0xff, 0xff, 0x60 },
        { 0x00, 0x9f, 0xff, 0xff, 0xff, 0xff, 0xff, 0x60 },
        { 0x00, 0x9f, 0xff, 0xff, 0xff, 0xff, 0xff, 0x60 },
        { 0x00, 0x00, 0x00, 0x00, 0x00, 0x00, 0x00, 0x00 },
        { 0x00, 0x00, 0x00, 0x00, 0x00, 0x00, 0x00, 0x00 },
        { 0x00, 0x00, 0x00, 0x00, 0x00, 0x00, 0x00, 0x00 },
        { 0x00, 0x00, 0x00, 0x00, 0x00, 0x00, 0x00, 0x00 },
        { 0x00, 0x00, 0x00, 0x00, 0x00, 0x00, 0x00, 0x00 },
        { 0x00, 0x00, 0x00, 0x00, 0x00, 0x00, 0x00, 0x00 },
        { 0x00, 0x00, 0x00, 0x00, 0x00, 0x00, 0x00, 0x00 },
    },
    { /* 2 */
        { 0x00, 0x00, 0x00, 0x00, 0x00, 0x00, 0x00, 0x00 },
        { 0x00, 0x00, 0x00, 0x00, 0x00, 0x00, 0x00, 0x00 },
        { 0x00, 0x00, 0x00, 0x00, 0x00, 0x00, 0x00, 0x00 },
        { 0x00, 0x00, 0x00, 0x00, 0x00, 0x00, 0x00, 0x00 },
        { 0x00, 0x00, 0x00, 0x00, 0x00, 0x00, 0x00, 0x00 },
        { 0x00, 0x00, 0x00, 0x00, 0x00, 0x00, 0x00, 0x00 },
        { 0x00, 0x26, 0xad, 0xee, 0xda, 0x40, 0x00, 0x00 },
        { 0x02, 0xff, 0xff, 0xff, 0xff, 0xfb, 0x00, 0x00 },
        { 0x02, 0xff, 0xff, 0xff, 0xff, 0xff, 0xa0, 0x00 },
        { 0x02, 0xc8, 0x41, 0x01, 0x7e, 0xff, 0xf2, 0x00 },
        { 0x00, 0x00, 0x00, 0x00, 0x08, 0xff, 0xf5, 0x00 },
        { 0x00, 0x00, 0x00, 0x00, 0x05, 0xff, 0xf6, 0x00 },
        { 0x00, 0x00, 0x00, 0x00, 0x07, 0xff, 0xf4, 0x00 },
        { 0x00, 0x00, 0x00, 0x00, 0x0c, 0xff, 0xe0, 0x00 },
        { 0x00, 0x00, 0x00, 0x00, 0x8f, 0xff, 0x70, 0x00 },
        { 0x00, 0x00, 0x00, 0x05, 0xff, 0xfb, 0x00, 0x00 },
        { 0x00, 0x00, 0x00, 0x4e, 0xff, 0xc1, 0x00, 0x00 },
        { 0x00, 0x00, 0x03, 0xef, 0xfd, 0x10, 0x00, 0x00 },
        { 0x00, 0x00, 0x3e, 0xff, 0xd1, 0x00, 0x00, 0x00 },
        { 0x00, 0x02, 0xdf, 0xfd, 0x10, 0x00, 0x00, 0x00 },
        { 0x00, 0x2d, 0xff, 0xd1, 0x00, 0x00, 0x00, 0x00 },
        { 0x01, 0xdf, 0xfd, 0x10, 0x00, 0x00, 0x00, 0x00 },
        { 0x08, 0xff, 0xff, 0xff, 0xff, 0xff, 0xf7, 0x00 },
        { 0x08, 0xff, 0xff, 0xff, 0xff, 0xff, 0xf7, 0x00 },
        { 0x08, 0xff, 0xff, 0xff, 0xff, 0xff, 0xf7, 0x00 },
        { 0x00, 0x00, 0x00, 0x00, 0x00, 0x00, 0x00, 0x00 },
        { 0x00, 0x00, 0x00, 0x00, 0x00, 0x00, 0x00, 0x00 },
        { 0x00, 0x00, 0x00, 0x00, 0x00, 0x00, 0x00, 0x00 },
        { 0x00, 0x00, 0x00, 0x00, 0x00, 0x00, 0x00, 0x00 },
        { 0x00, 0x00, 0x00, 0x00, 0x00, 0x00, 0x00, 0x00 },
        { 0x00, 0x00, 0x00, 0x00, 0x00, 0x00, 0x00, 0x00 },
        { 0x00, 0x00, 0x00, 0x00, 0x00, 0x00, 0x00, 0x00 },
    },
    { /* 3 */
        { 0x00, 0x00, 0x00, 0x00, 0x00, 0x00, 0x00, 0x00 },
        { 0x00, 0x00, 0x00, 0x00, 0x00, 0x00, 0x00, 0x00 },
        { 0x00, 0x00, 0x00, 0x00, 0x00, 0x00, 0x00, 0x00 },
        { 0x00, 0x00, 0x00, 0x00, 0x00, 0x00, 0x00, 0x00 },
        { 0x00, 0x00, 0x00, 0x00, 0x00, 0x00, 0x00, 0x00 },
        { 0x00, 0x00, 0x00, 0x00, 0x00, 0x00, 0x00, 0x00 },
        { 0x00, 0x15, 0x9c, 0xee, 0xdb, 0x60, 0x00, 0x00 },
        { 0x00, 0xcf, 0xff, 0xff, 0xff, 0xfd, 0x30, 0x00 },
        { 0x00, 0xcf, 0xff, 0xff, 0xff, 0xff, 0xd0, 0x00 },
        { 0x00, 0xb9, 0x41, 0x00, 0x4c, 0xff, 0xf5, 0x00 },
        { 0x00, 0x00, 0x00, 0x00, 0x03, 0xff, 0xf7, 0x00 },
        { 0x00, 0x00, 0x00, 0x00, 0x03, 0xff, 0xf5, 0x00 },
        { 0x00, 0x00, 0x00, 0x00, 0x3c, 0xff, 0xd0, 0x00 },
        { 0x00, 0x00, 0x0f, 0xff, 0xff, 0xfc, 0x20, 0x00 },
        { 0x00, 0x00, 0x0f, 0xff, 0xfe, 0x80, 0x00, 0x00 },
        { 0x00, 0x00, 0x0f, 0xff, 0xff, 0xfd, 0x40, 0x00 },
        { 0x00, 0x00, 0x00, 0x01, 0x4c, 0xff, 0xe3, 0x00 },
        { 0x00, 0x00, 0x00, 0x00, 0x01, 0xef, 0xfa, 0x00 },
        { 0x00, 0x00, 0x00, 0x00, 0x00, 0xbf, 0xfd, 0x00 },
        { 0x00, 0x00, 0x00, 0x00, 0x00, 0xaf, 0xfe, 0x00 },
        { 0x00, 0x00, 0x00, 0x00, 0x01, 0xdf, 0xfc, 0x00 },
        { 0x05, 0xb6, 0x32, 0x00, 0x3b, 0xff, 0xf9, 0x00 },
        { 0x06, 0xff, 0xff, 0xff, 0xff, 0xff, 0xe2, 0x00 },
        { 0x06, 0xff, 0xff, 0xff, 0xff, 0xfd, 0x40, 0x00 },
        { 0x00, 0x38, 0xbc, 0xee, 0xdb, 0x71, 0x00, 0x00 },
        { 0x00, 0x00, 0x00, 0x00, 0x00, 0x00, 0x00, 0x00 },
        { 0x00, 0x00, 0x00, 0x00, 0x00, 0x00, 0x00, 0x00 },
        { 0x00, 0x00, 0x00, 0x00, 0x00, 0x00, 0x00, 0x00 },
        { 0x00, 0x00, 0x00, 0x00, 0x00, 0x00, 0x00, 0x00 },
        { 0x00, 0x00, 0x00, 0x00, 0x00, 0x00, 0x00, 0x00 },
        { 0x00, 0x00, 0x00, 0x00, 0x00, 0x00, 0x00, 0x00 },
        { 0x00, 0x00, 0x00, 0x00, 0x00, 0x00, 0x00, 0x00 },
    },
    { /* 4 */
        { 0x00, 0x00, 0x00, 0x00, 0x00, 0x00, 0x00, 0x00 },
        { 0x00, 0x00, 0x00, 0x00, 0x00, 0x00, 0x00, 0x00 },
        { 0x00, 0x00, 0x00, 0x00, 0x00, 0x00, 0x00, 0x00 },
        { 0x00, 0x00, 0x00, 0x00, 0x00, 0x00, 0x00, 0x00 },
        { 0x00, 0x00, 0x00, 0x00, 0x00, 0x00, 0x00, 0x00 },
        { 0x00, 0x00, 0x00, 0x00, 0x00, 0x00, 0x00, 0x00 },
        { 0x00, 0x00, 0x00, 0x00, 0xcf, 0xff, 0x60, 0x00 },
        { 0x00, 0x00, 0x00, 0x07, 0xff, 0xff, 0x60, 0x00 },
        { 0x00, 0x00, 0x00, 0x2e, 0xff, 0xff, 0x60, 0x00 },
        { 0x00, 0x00, 0x00, 0xbf, 0xff, 0xff, 0x60, 0x00 },
        { 0x00, 0x00, 0x05, 0xff, 0xcf, 0xff, 0x60, 0x00 },
        { 0x00, 0x00, 0x1d, 0xfe, 0x4f, 0xff, 0x60, 0x00 },
        { 0x00, 0x00, 0x9f, 0xf6, 0x2f, 0xff, 0x60, 0x00 },
        { 0x00, 0x04, 0xff, 0xc0, 0x2f, 0xff, 0x60, 0x00 },
        { 0x00, 0x0d, 0xfe, 0x30, 0x2f, 0xff, 0x60, 0x00 },
        { 0x00, 0x8f, 0xf8, 0x00, 0x2f, 0xff, 0x60, 0x00 },
        { 0x02, 0xef, 0xd0, 0x00, 0x2f, 0xff, 0x60, 0x00 },
        { 0x0a, 0xff, 0x50, 0x00, 0x2f, 0xff, 0x60, 0x00 },
        { 0x0a, 0xff, 0xff, 0xff, 0xff, 0xff, 0xff, 0x70 },
        { 0x0a, 0xff, 0xff, 0xff, 0xff, 0xff, 0xff, 0x70 },
        { 0x0a, 0xff, 0xff, 0xff, 0xff, 0xff, 0xff, 0x70 },
        { 0x00, 0x00, 0x00, 0x00, 0x2f, 0xff, 0x60, 0x00 },
        { 0x00, 0x00, 0x00, 0x00, 0x2f, 0xff, 0x60, 0x00 },
        { 0x00, 0x00, 0x00, 0x00, 0x2f, 0xff, 0x60, 0x00 },
        { 0x00, 0x00, 0x00, 0x00, 0x2f, 0xff, 0x60, 0x00 },
        { 0x00, 0x00, 0x00, 0x00, 0x00, 0x00, 0x00, 0x00 },
        { 0x00, 0x00, 0x00, 0x00, 0x00, 0x00, 0x00, 0x00 },
        { 0x00, 0x00, 0x00, 0x00, 0x00, 0x00, 0x00, 0x00 },
        { 0x00, 0x00, 0x00, 0x00, 0x00, 0x00, 0x00, 0x00 },
        { 0x00, 0x00, 0x00, 0x00, 0x00, 0x00, 0x00, 0x00 },
        { 0x00, 0x00, 0x00, 0x00, 0x00, 0x00, 0x00, 0x00 },
        { 0x00, 0x00, 0x00, 0x00, 0x00, 0x00, 0x00, 0x00 },
    },
    { /* 5 */
        { 0x00, 0x00, 0x00, 0x00, 0x00, 0x00, 0x00, 0x00 },
        { 0x00, 0x00, 0x00, 0x00, 0x00, 0x00, 0x00, 0x00 },
        { 0x00, 0x00, 0x00, 0x00, 0x00, 0x00, 0x00, 0x00 },
        { 0x00, 0x00, 0x00, 0x00, 0x00, 0x00, 0x00, 0x00 },
        { 0x00, 0x00, 0x00, 0x00, 0x00, 0x00, 0x00, 0x00 },
        { 0x00, 0x00, 0x00, 0x00, 0x00, 0x00, 0x00, 0x00 },
        { 0x00, 0x8f, 0xff, 0xff, 0xff, 0xff, 0xb0, 0x00 },
        { 0x00, 0x8f, 0xff, 0xff, 0xff, 0xff, 0xb0, 0x00 },
        { 0x00, 0x8f, 0xff, 0xff, 0xff, 0xff, 0xb0, 0x00 },
        { 0x00, 0x8f, 0xf7, 0x00, 0x00, 0x00, 0x00, 0x00 },
        { 0x00, 0x8f, 0xf7, 0x00, 0x00, 0x00, 0x00, 0x00 },
        { 0x00, 0x8f, 0xf7, 0x00, 0x00, 0x00, 0x00, 0x00 },
        { 0x00, 0x8f, 0xf7, 0x00, 0x00, 0x00, 0x00, 0x00 },
        { 0x00, 0x8f, 0xfd, 0xde, 0xdb, 0x60, 0x00, 0x00 },
        { 0x00, 0x8f, 0xff, 0xff, 0xff, 0xfc, 0x10, 0x00 },
        { 0x00, 0x8f, 0xff, 0xff, 0xff, 0xff, 0xc0, 0x00 },
        { 0x00, 0x79, 0x41, 0x02, 0x6e, 0xff, 0xf5, 0x00 },
        { 0x00, 0x00, 0x00, 0x00, 0x03, 0xef, 0xfa, 0x00 },
        { 0x00, 0x00, 0x00, 0x00, 0x00, 0xcf, 0xfc, 0x00 },
        { 0x00, 0x00, 0x00, 0x00, 0x00, 0xcf, 0xfc, 0x00 },
        { 0x00, 0x00, 0x00, 0x00, 0x02, 0xef, 0xfa, 0x00 },
        { 0x02, 0xb6, 0x21, 0x02, 0x6d, 0xff, 0xf5, 0x00 },
        { 0x02, 0xff, 0xff, 0xff, 0xff, 0xff, 0xb0, 0x00 },
        { 0x02, 0xff, 0xff, 0xff, 0xff, 0xfa, 0x00, 0x00 },
        { 0x00, 0x37, 0xbd, 0xee, 0xc9, 0x40, 0x00, 0x00 },
        { 0x00, 0x00, 0x00, 0x00, 0x00, 0x00, 0x00, 0x00 },
        { 0x00, 0x00, 0x00, 0x00, 0x00, 0x00, 0x00, 0x00 },
        { 0x00, 0x00, 0x00, 0x00, 0x00, 0x00, 0x00, 0x00 },
        { 0x00, 0x00, 0x00, 0x00, 0x00, 0x00, 0x00, 0x00 },
        { 0x00, 0x00, 0x00, 0x00, 0x00, 0x00, 0x00, 0x00 },
        { 0x00, 0x00, 0x00, 0x00, 0x00, 0x00, 0x00, 0x00 },
        { 0x00, 0x00, 0x00, 0x00, 0x00, 0x00, 0x00, 0x00 },
    },
    { /* 6 */
        { 0x00, 0x00, 0x00, 0x00, 0x00, 0x00, 0x00, 0x00 },
        { 0x00, 0x00, 0x00, 0x00, 0x00, 0x00, 0x00, 0x00 },
        { 0x00, 0x00, 0x00, 0x00, 0x00, 0x00, 0x00, 0x00 },
        { 0x00, 0x00, 0x00, 0x00, 0x00, 0x00, 0x00, 0x00 },
        { 0x00, 0x00, 0x00, 0x00, 0x00, 0x00, 0x00, 0x00 },
        { 0x00, 0x00, 0x00, 0x00, 0x00, 0x00, 0x00, 0x00 },
        { 0x00, 0x00, 0x02, 0x8c, 0xee, 0xc9, 0x30, 0x00 },
        { 0x00, 0x00, 0x7e, 0xff, 0xff, 0xff, 0xf1, 0x00 },
        { 0x00, 0x07, 0xff, 0xff, 0xff, 0xff, 0xf1, 0x00 },
        { 0x00, 0x2e, 0xff, 0xd5, 0x10, 0x25, 0xb1, 0x00 },
        { 0x00, 0x8f, 0xfe, 0x10, 0x00, 0x00, 0x00, 0x00 },
        { 0x00, 0xdf, 0xf8, 0x00, 0x00, 0x00, 0x00, 0x00 },
        { 0x01, 0xff, 0xf4, 0x6c, 0xee, 0xb5, 0x00, 0x00 },
        { 0x03, 0xff, 0xfc, 0xff, 0xff, 0xff, 0x90, 0x00 },
        { 0x04, 0xff, 0xff, 0xff, 0xff, 0xff, 0xf6, 0x00 },
        { 0x05, 0xff, 0xff, 0xa2, 0x17, 0xef, 0xfc, 0x00 },
        { 0x04, 0xff, 0xfe, 0x10, 0x00, 0xaf, 0xff, 0x10 },
        { 0x03, 0xff, 0xfb, 0x00, 0x00, 0x6f, 0xff, 0x30 },
        { 0x02, 0xff, 0xfa, 0x00, 0x00, 0x5f, 0xff, 0x30 },
        { 0x00, 0xef, 0xfb, 0x00, 0x00, 0x6f, 0xff, 0x20 },
        { 0x00, 0xbf, 0xfe, 0x10, 0x00, 0xaf, 0xfe, 0x00 },
        { 0x00, 0x6f, 0xff, 0xa2, 0x16, 0xef, 0xfa, 0x00 },
        { 0x00, 0x0d, 0xff, 0xff, 0xff, 0xff, 0xe3, 0x00 },
        { 0x00, 0x02, 0xdf, 0xff, 0xff, 0xfe, 0x50, 0x00 },
        { 0x00, 0x00, 0x07, 0xce, 0xed, 0x92, 0x00, 0x00 },
        { 0x00, 0x00, 0x00, 0x00, 0x00, 0x00, 0x00, 0x00 },
        { 0x00, 0x00, 0x00, 0x00, 0x00, 0x00, 0x00, 0x00 },
        { 0x00, 0x00, 0x00, 0x00, 0x00, 0x00, 0x00, 0x00 },
        { 0x00, 0x00, 0x00, 0x00, 0x00, 0x00, 0x00, 0x00 },
        { 0x00, 0x00, 0x00, 0x00, 0x00, 0x00, 0x00, 0x00 },
        { 0x00, 0x00, 0x00, 0x00, 0x00, 0x00, 0x00, 0x00 },
        { 0x00, 0x00, 0x00, 0x00, 0x00, 0x00, 0x00, 0x00 },
    },
    { /* 7 */
        { 0x00, 0x00, 0x00, 0x00, 0x00, 0x00, 0x00, 0x00 },
        { 0x00, 0x00, 0x00, 0x00, 0x00, 0x00, 0x00, 0x00 },
        { 0x00, 0x00, 0x00, 0x00, 0x00, 0x00, 0x00, 0x00 },
        { 0x00, 0x00, 0x00, 0x00, 0x00, 0x00, 0x00, 0x00 },
        { 0x00, 0x00, 0x00, 0x00, 0x00, 0x00, 0x00, 0x00 },
        { 0x00, 0x00, 0x00, 0x00, 0x00, 0x00, 0x00, 0x00 },
        { 0x04, 0xff, 0xff, 0xff, 0xff, 0xff, 0xfa, 0x00 },
        { 0x04, 0xff, 0xff, 0xff, 0xff, 0xff, 0xfa, 0x00 },
        { 0x04, 0xff, 0xff, 0xff, 0xff, 0xff, 0xfa, 0x00 },
        { 0x00, 0x00, 0x00, 0x00, 0x08, 0xff, 0xf5, 0x00 },
        { 0x00, 0x00, 0x00, 0x00, 0x0d, 0xff, 0xe0, 0x00 },
        { 0x00, 0x00, 0x00, 0x00, 0x5f, 0xff, 0x80, 0x00 },
        { 0x00, 0x00, 0x00, 0x00, 0xaf, 0xff, 0x20, 0x00 },
        { 0x00, 0x00, 0x00, 0x01, 0xef, 0xfc, 0x00, 0x00 },
        { 0x00, 0x00, 0x00, 0x07, 0xff, 0xf6, 0x00, 0x00 },
        { 0x00, 0x00, 0x00, 0x0d, 0xff, 0xe0, 0x00, 0x00 },
        { 0x00, 0x00, 0x00, 0x4f, 0xff, 0x90, 0x00, 0x00 },
        { 0x00, 0x00, 0x00, 0x9f, 0xff, 0x30, 0x00, 0x00 },
        { 0x00, 0x00, 0x01, 0xef, 0xfc, 0x00, 0x00, 0x00 },
        { 0x00, 0x00, 0x06, 0xff, 0xf6, 0x00, 0x00, 0x00 },
        { 0x00, 0x00, 0x0c, 0xff, 0xe1, 0x00, 0x00, 0x00 },
        { 0x00, 0x00, 0x3f, 0xff, 0x90, 0x00, 0x00, 0x00 },
        { 0x00, 0x00, 0x8f, 0xff, 0x30, 0x00, 0x00, 0x00 },
        { 0x00, 0x00, 0xef, 0xfd, 0x00, 0x00, 0x00, 0x00 },
        { 0x00, 0x05, 0xff, 0xf7, 0x00, 0x00, 0x00, 0x00 },
        { 0x00, 0x00, 0x00, 0x00, 0x00, 0x00, 0x00, 0x00 },
        { 0x00, 0x00, 0x00, 0x00, 0x00, 0x00, 0x00, 0x00 },
        { 0x00, 0x00, 0x00, 0x00, 0x00, 0x00, 0x00, 0x00 },
        { 0x00, 0x00, 0x00, 0x00, 0x00, 0x00, 0x00, 0x00 },
        { 0x00, 0x00, 0x00, 0x00, 0x00, 0x00, 0x00, 0x00 },
        { 0x00, 0x00, 0x00, 0x00, 0x00, 0x00, 0x00, 0x00 },
        { 0x00, 0x00, 0x00, 0x00, 0x00, 0x00, 0x00, 0x00 },
    },
    { /* 8 */
        { 0x00, 0x00, 0x00, 0x00, 0x00, 0x00, 0x00, 0x00 },
        { 0x00, 0x00, 0x00, 0x00, 0x00, 0x00, 0x00, 0x00 },
        { 0x00, 0x00, 0x00, 0x00, 0x00, 0x00, 0x00, 0x00 },
        { 0x00, 0x00, 0x00, 0x00, 0x00, 0x00, 0x00, 0x00 },
        { 0x00, 0x00, 0x00, 0x00, 0x00, 0x00, 0x00, 0x00 },
        { 0x00, 0x00, 0x00, 0x00, 0x00, 0x00, 0x00, 0x00 },
        { 0x00, 0x00, 0x29, 0xde, 0xec, 0x71, 0x00, 0x00 },
        { 0x00, 0x06, 0xef, 0xff, 0xff, 0xfd, 0x20, 0x00 },
        { 0x00, 0x3e, 0xff, 0xff, 0xff, 0xff, 0xc0, 0x00 },
        { 0x00, 0x9f, 0xfe, 0x60, 0x1a, 0xff, 0xf4, 0x00 },
        { 0x00, 0xcf, 0xf9, 0x00, 0x00, 0xef, 0xf7, 0x00 },
        { 0x00, 0xcf, 0xf7, 0x00, 0x00, 0xcf, 0xf7, 0x00 },
        { 0x00, 0xaf, 0xf9, 0x00, 0x00, 0xef, 0xf5, 0x00 },
        { 0x00, 0x4f, 0xfe, 0x60, 0x1a, 0xff, 0xd0, 0x00 },
        { 0x00, 0x07, 0xef, 0xff, 0xff, 0xfd, 0x30, 0x00 },
        { 0x00, 0x00, 0x7f, 0xff, 0xff, 0xe4, 0x00, 0x00 },
        { 0x00, 0x1c, 0xff, 0xff, 0xff, 0xff, 0x80, 0x00 },
        { 0x00, 0xaf, 0xfd, 0x40, 0x17, 0xef, 0xf5, 0x00 },
        { 0x02, 0xff, 0xf4, 0x00, 0x00, 0x9f, 0xfc, 0x00 },
        { 0x04, 0xff, 0xf0, 0x00, 0x00, 0x6f, 0xfe, 0x00 },
        { 0x04, 0xff, 0xf4, 0x00, 0x00, 0x9f, 0xfe, 0x00 },
        { 0x01, 0xef, 0xfd, 0x40, 0x17, 0xef, 0xfb, 0x00 },
        { 0x00, 0xaf, 0xff, 0xff, 0xff, 0xff, 0xf4, 0x00 },
        { 0x00, 0x0b, 0xff, 0xff, 0xff, 0xfe, 0x70, 0x00 },
        { 0x00, 0x00, 0x5a, 0xde, 0xec, 0x93, 0x00, 0x00 },
        { 0x00, 0x00, 0x00, 0x00, 0x00, 0x00, 0x00, 0x00 },
        { 0x00, 0x00, 0x00, 0x00, 0x00, 0x00, 0x00, 0x00 },
        { 0x00, 0x00, 0x00, 0x00, 0x00, 0x00, 0x00, 0x00 },
        { 0x00, 0x00, 0x00, 0x00, 0x00, 0x00, 0x00, 0x00 },
        { 0x00, 0x00, 0x00, 0x00, 0x00, 0x00, 0x00, 0x00 },
        { 0x00, 0x00, 0x00, 0x00, 0x00, 0x00, 0x00, 0x00 },
        { 0x00, 0x00, 0x00, 0x00, 0x00, 0x00, 0x00, 0x00 },
    },
    { /* 9 */
        { 0x00, 0x00, 0x00, 0x00, 0x00, 0x00, 0x00, 0x00 },
        { 0x00, 0x00, 0x00, 0x00, 0x00, 0x00, 0x00, 0x00 },
        { 0x00, 0x00, 0x00, 0x00, 0x00, 0x00, 0x00, 0x00 },
        { 0x00, 0x00, 0x00, 0x00, 0x00, 0x00, 0x00, 0x00 },
        { 0x00, 0x00, 0x00, 0x00, 0x00, 0x00, 0x00, 0x00 },
        { 0x00, 0x00, 0x00, 0x00, 0x00, 0x00, 0x00, 0x00 },
        { 0x00, 0x00, 0x5b, 0xde, 0xda, 0x50, 0x00, 0x00 },
        { 0x00, 0x0a, 0xff, 0xff, 0xff, 0xfa, 0x00, 0x00 },
        { 0x00, 0x8f, 0xff, 0xff, 0xff, 0xff, 0x70, 0x00 },
        { 0x01, 0xef, 0xfd, 0x40, 0x4d, 0xff, 0xe1, 0x00 },
        { 0x05, 0xff, 0xf5, 0x00, 0x05, 0xff, 0xf5, 0x00 },
        { 0x07, 0xff, 0xf1, 0x00, 0x01, 0xff, 0xf9, 0x00 },
        { 0x08, 0xff, 0xe0, 0x00, 0x00, 0xff, 0xfb, 0x00 },
        { 0x08, 0xff, 0xf1, 0x00, 0x01, 0xff, 0xfd, 0x00 },
        { 0x06, 0xff, 0xf5, 0x00, 0x05, 0xff, 0xfe, 0x00 },
        { 0x02, 0xff, 0xfd, 0x40, 0x4d, 0xff, 0xfe, 0x00 },
        { 0x00, 0xbf, 0xff, 0xff, 0xff, 0xff, 0xfd, 0x00 },
        { 0x00, 0x2d, 0xff, 0xff, 0xfe, 0xcf, 0xfd, 0x00 },
        { 0x00, 0x01, 0x8d, 0xee, 0xb4, 0x9f, 0xfa, 0x00 },
        { 0x00, 0x00, 0x00, 0x00, 0x00, 0xdf, 0xf7, 0x00 },
        { 0x00, 0x00, 0x00, 0x00, 0x06, 0xff, 0xf2, 0x00 },
        { 0x00, 0x58, 0x31, 0x02, 0x7e, 0xff, 0xb0, 0x00 },
        { 0x00, 0x6f, 0xff, 0xff, 0xff, 0xfe, 0x20, 0x00 },
        { 0x00, 0x6f, 0xff, 0xff, 0xff, 0xd3, 0x00, 0x00 },
        { 0x00, 0x05, 0xad, 0xed, 0xb6, 0x00, 0x00, 0x00 },
        { 0x00, 0x00, 0x00, 0x00, 0x00, 0x00, 0x00, 0x00 },
        { 0x00, 0x00, 0x00, 0x00, 0x00, 0x00, 0x00, 0x00 },
        { 0x00, 0x00, 0x00, 0x00, 0x00, 0x00, 0x00, 0x00 },
        { 0x00, 0x00, 0x00, 0x00, 0x00, 0x00, 0x00, 0x00 },
        { 0x00, 0x00, 0x00, 0x00, 0x00, 0x00, 0x00, 0x00 },
        { 0x00, 0x00, 0x00, 0x00, 0x00, 0x00, 0x00, 0x00 },
        { 0x00, 0x00, 0x00, 0x00, 0x00, 0x00, 0x00, 0x00 },
    },
    { /* : */
        { 0x00, 0x00, 0x00, 0x00, 0x00, 0x00, 0x00, 0x00 },
        { 0x00, 0x00, 0x00, 0x00, 0x00, 0x00, 0x00, 0x00 },
        { 0x00, 0x00, 0x00, 0x00, 0x00, 0x00, 0x00, 0x00 },
        { 0x00, 0x00, 0x00, 0x00, 0x00, 0x00, 0x00, 0x00 },
        { 0x00, 0x00, 0x00, 0x00, 0x00, 0x00, 0x00, 0x00 },
        { 0x00, 0x00, 0x00, 0x00, 0x00, 0x00, 0x00, 0x00 },
        { 0x00, 0x00, 0x00, 0x00, 0x00, 0x00, 0x00, 0x00 },
        { 0x00, 0x00, 0x00, 0x00, 0x00, 0x00, 0x00, 0x00 },
        { 0x00, 0x00, 0x00, 0x00, 0x00, 0x00, 0x00, 0x00 },
        { 0x00, 0x00, 0x00, 0x00, 0x00, 0x00, 0x00, 0x00 },
        { 0x00, 0x00, 0x00, 0x00, 0x00, 0x00, 0x00, 0x00 },
        { 0x00, 0x00, 0x04, 0xff, 0xfd, 0x00, 0x00, 0x00 },
        { 0x00, 0x00, 0x04, 0xff, 0xfd, 0x00, 0x00, 0x00 },
        { 0x00, 0x00, 0x04, 0xff, 0xfd, 0x00, 0x00, 0x00 },
        { 0x00, 0x00, 0x04, 0xff, 0xfd, 0x00, 0x00, 0x00 },
        { 0x00, 0x00, 0x04, 0xff, 0xfd, 0x00, 0x00, 0x00 },
        { 0x00, 0x00, 0x00, 0x00, 0x00, 0x00, 0x00, 0x00 },
        { 0x00, 0x00, 0x00, 0x00, 0x00, 0x00, 0x00, 0x00 },
        { 0x00, 0x00, 0x00, 0x00, 0x00, 0x00, 0x00, 0x00 },
        { 0x00, 0x00, 0x00, 0x00, 0x00, 0x00, 0x00, 0x00 },
        { 0x00, 0x00, 0x04, 0xff, 0xfd, 0x00, 0x00, 0x00 },
        { 0x00, 0x00, 0x04, 0xff, 0xfd, 0x00, 0x00, 0x00 },
        { 0x00, 0x00, 0x04, 0xff, 0xfd, 0x00, 0x00, 0x00 },
        { 0x00, 0x00, 0x04, 0xff, 0xfd, 0x00, 0x00, 0x00 },
        { 0x00, 0x00, 0x04, 0xff, 0xfd, 0x00, 0x00, 0x00 },
        { 0x00, 0x00, 0x00, 0x00, 0x00, 0x00, 0x00, 0x00 },
        { 0x00, 0x00, 0x00, 0x00, 0x00, 0x00, 0x00, 0x00 },
        { 0x00, 0x00, 0x00, 0x00, 0x00, 0x00, 0x00, 0x00 },
        { 0x00, 0x00, 0x00, 0x00, 0x00, 0x00, 0x00, 0x00 },
        { 0x00, 0x00, 0x00, 0x00, 0x00, 0x00, 0x00, 0x00 },
        { 0x00, 0x00, 0x00, 0x00, 0x00, 0x00, 0x00, 0x00 },
        { 0x00, 0x00, 0x00, 0x00, 0x00, 0x00, 0x00, 0x00 },
    },
    { /* ; */
        { 0x00, 0x00, 0x00, 0x00, 0x00, 0x00, 0x00, 0x00 },
        { 0x00, 0x00, 0x00, 0x00, 0x00, 0x00, 0x00, 0x00 },
        { 0x00, 0x00, 0x00, 0x00, 0x00, 0x00, 0x00, 0x00 },
        { 0x00, 0x00, 0x00, 0x00, 0x00, 0x00, 0x00, 0x00 },
        { 0x00, 0x00, 0x00, 0x00, 0x00, 0x00, 0x00, 0x00 },
        { 0x00, 0x00, 0x00, 0x00, 0x00, 0x00, 0x00, 0x00 },
        { 0x00, 0x00, 0x00, 0x00, 0x00, 0x00, 0x00, 0x00 },
        { 0x00, 0x00, 0x00, 0x00, 0x00, 0x00, 0x00, 0x00 },
        { 0x00, 0x00, 0x00, 0x00, 0x00, 0x00, 0x00, 0x00 },
        { 0x00, 0x00, 0x00, 0x00, 0x00, 0x00, 0x00, 0x00 },
        { 0x00, 0x00, 0x00, 0x00, 0x00, 0x00, 0x00, 0x00 },
        { 0x00, 0x00, 0x04, 0xff, 0xfd, 0x00, 0x00, 0x00 },
        { 0x00, 0x00, 0x04, 0xff, 0xfd, 0x00, 0x00, 0x00 },
        { 0x00, 0x00, 0x04, 0xff, 0xfd, 0x00, 0x00, 0x00 },
        { 0x00, 0x00, 0x04, 0xff, 0xfd, 0x00, 0x00, 0x00 },
        { 0x00, 0x00, 0x04, 0xff, 0xfd, 0x00, 0x00, 0x00 },
        { 0x00, 0x00, 0x00, 0x00, 0x00, 0x00, 0x00, 0x00 },
        { 0x00, 0x00, 0x00, 0x00, 0x00, 0x00, 0x00, 0x00 },
        { 0x00, 0x00, 0x00, 0x00, 0x00, 0x00, 0x00, 0x00 },
        { 0x00, 0x00, 0x00, 0x00, 0x00, 0x00, 0x00, 0x00 },
        { 0x00, 0x00, 0x04, 0xff, 0xfd, 0x00, 0x00, 0x00 },
        { 0x00, 0x00, 0x04, 0xff, 0xfd, 0x00, 0x00, 0x00 },
        { 0x00, 0x00, 0x04, 0xff, 0xfd, 0x00, 0x00, 0x00 },
        { 0x00, 0x00, 0x05, 0xff, 0xfb, 0x00, 0x00, 0x00 },
        { 0x00, 0x00, 0x08, 0xff, 0xf4, 0x00, 0x00, 0x00 },
        { 0x00, 0x00, 0x0b, 0xff, 0xb0, 0x00, 0x00, 0x00 },
        { 0x00, 0x00, 0x0e, 0xff, 0x30, 0x00, 0x00, 0x00 },
        { 0x00, 0x00, 0x2f, 0xfa, 0x00, 0x00, 0x00, 0x00 },
        { 0x00, 0x00, 0x00, 0x00, 0x00, 0x00, 0x00, 0x00 },
        { 0x00, 0x00, 0x00, 0x00, 0x00, 0x00, 0x00, 0x00 },
        { 0x00, 0x00, 0x00, 0x00, 0x00, 0x00, 0x00, 0x00 },
        { 0x00, 0x00, 0x00, 0x00, 0x00, 0x00, 0x00, 0x00 },
    },
    { /* < */
        { 0x00, 0x00, 0x00, 0x00, 0x00, 0x00, 0x00, 0x00 },
        { 0x00, 0x00, 0x00, 0x00, 0x00, 0x00, 0x00, 0x00 },
        { 0x00, 0x00, 0x00, 0x00, 0x00, 0x00, 0x00, 0x00 },
        { 0x00, 0x00, 0x00, 0x00, 0x00, 0x00, 0x00, 0x00 },
        { 0x00, 0x00, 0x00, 0x00, 0x00, 0x00, 0x00, 0x00 },
        { 0x00, 0x00, 0x00, 0x00, 0x00, 0x00, 0x00, 0x00 },
        { 0x00, 0x00, 0x00, 0x00, 0x00, 0x00, 0x00, 0x00 },
        { 0x00, 0x00, 0x00, 0x00, 0x00, 0x00, 0x00, 0x00 },
        { 0x00, 0x00, 0x00, 0x00, 0x00, 0x00, 0x00, 0x00 },
        { 0x00, 0x00, 0x00, 0x00, 0x00, 0x00, 0x00, 0x00 },
        { 0x00, 0x00, 0x00, 0x00, 0x00, 0x00, 0x28, 0x70 },
        { 0x00, 0x00, 0x00, 0x00, 0x00, 0x5b, 0xff, 0x80 },
        { 0x00, 0x00, 0x00, 0x02, 0x8d, 0xff, 0xff, 0x80 },
        { 0x00, 0x00, 0x04, 0xbe, 0xff, 0xff, 0xea, 0x30 },
        { 0x00, 0x17, 0xdf, 0xff, 0xff, 0xb6, 0x00, 0x00 },
        { 0x09, 0xef, 0xff, 0xfd, 0x72, 0x00, 0x00, 0x00 },
        { 0x0d, 0xff, 0xe9, 0x30, 0x00, 0x00, 0x00, 0x00 },
        { 0x0d, 0xff, 0xe8, 0x30, 0x00, 0x00, 0x00, 0x00 },
        { 0x09, 0xef, 0xff, 0xfc, 0x71, 0x00, 0x00, 0x00 },
        { 0x00, 0x17, 0xdf, 0xff, 0xfe, 0xb5, 0x00, 0x00 },
        { 0x00, 0x00, 0x05, 0xbf, 0xff, 0xff, 0xe9, 0x20 },
        { 0x00, 0x00, 0x00, 0x02, 0x8d, 0xff, 0xff, 0x80 },
        { 0x00, 0x00, 0x00, 0x00, 0x00, 0x5b, 0xff, 0x80 },
        { 0x00, 0x00, 0x00, 0x00, 0x00, 0x00, 0x28, 0x70 },
        { 0x00, 0x00, 0x00, 0x00, 0x00, 0x00, 0x00, 0x00 },
        { 0x00, 0x00, 0x00, 0x00, 0x00, 0x00, 0x00, 0x00 },
        { 0x00, 0x00, 0x00, 0x00, 0x00, 0x00, 0x00, 0x00 },
        { 0x00, 0x00, 0x00, 0x00, 0x00, 0x00, 0x00, 0x00 },
        { 0x00, 0x00, 0x00, 0x00, 0x00, 0x00, 0x00, 0x00 },
        { 0x00, 0x00, 0x00, 0x00, 0x00, 0x00, 0x00, 0x00 },
        { 0x00, 0x00, 0x00, 0x00, 0x00, 0x00, 0x00, 0x00 },
        { 0x00, 0x00, 0x00, 0x00, 0x00, 0x00, 0x00, 0x00 },
    },
    { /* = */
        { 0x00, 0x00, 0x00, 0x00, 0x00, 0x00, 0x00, 0x00 },
        { 0x00, 0x00, 0x00, 0x00, 0x00, 0x00, 0x00, 0x00 },
        { 0x00, 0x00, 0x00, 0x00, 0x00, 0x00, 0x00, 0x00 },
        { 0x00, 0x00, 0x00, 0x00, 0x00, 0x00, 0x00, 0x00 },
        { 0x00, 0x00, 0x00, 0x00, 0x00, 0x00, 0x00, 0x00 },
        { 0x00, 0x00, 0x00, 0x00, 0x00, 0x00, 0x00, 0x00 },
        { 0x00, 0x00, 0x00, 0x00, 0x00, 0x00, 0x00, 0x00 },
        { 0x00, 0x00, 0x00, 0x00, 0x00, 0x00, 0x00, 0x00 },
        { 0x00, 0x00, 0x00, 0x00, 0x00, 0x00, 0x00, 0x00 },
        { 0x00, 0x00, 0x00, 0x00, 0x00, 0x00, 0x00, 0x00 },
        { 0x00, 0x00, 0x00, 0x00, 0x00, 0x00, 0x00, 0x00 },
        { 0x00, 0x00, 0x00, 0x00, 0x00, 0x00, 0x00, 0x00 },
        { 0x0d, 0xff, 0xff, 0xff, 0xff, 0xff, 0xff, 0x80 },
        { 0x0d, 0xff, 0xff, 0xff, 0xff, 0xff, 0xff, 0x80 },
        { 0x0d, 0xff, 0xff, 0xff, 0xff, 0xff, 0xff, 0x80 },
        { 0x00, 0x00, 0x00, 0x00, 0x00, 0x00, 0x00, 0x00 },
        { 0x00, 0x00, 0x00, 0x00, 0x00, 0x00, 0x00, 0x00 },
        { 0x00, 0x00, 0x00, 0x00, 0x00, 0x00, 0x00, 0x00 },
        { 0x0d, 0xff, 0xff, 0xff, 0xff, 0xff, 0xff, 0x80 },
        { 0x0d, 0xff, 0xff, 0xff, 0xff, 0xff, 0xff, 0x80 },
        { 0x0d, 0xff, 0xff, 0xff, 0xff, 0xff, 0xff, 0x80 },
        { 0x00, 0x00, 0x00, 0x00, 0x00, 0x00, 0x00, 0x00 },
        { 0x00, 0x00, 0x00, 0x00, 0x00, 0x00, 0x00, 0x00 },
        { 0x00, 0x00, 0x00, 0x00, 0x00, 0x00, 0x00, 0x00 },
        { 0x00, 0x00, 0x00, 0x00, 0x00, 0x00, 0x00, 0x00 },
        { 0x00, 0x00, 0x00, 0x00, 0x00, 0x00, 0x00, 0x00 },
        { 0x00, 0x00, 0x00, 0x00, 0x00, 0x00, 0x00, 0x00 },
        { 0x00, 0x00, 0x00, 0x00, 0x00, 0x00, 0x00, 0x00 },
        { 0x00, 0x00, 0x00, 0x00, 0x00, 0x00, 0x00, 0x00 },
        { 0x00, 0x00, 0x00, 0x00, 0x00, 0x00, 0x00, 0x00 },
        { 0x00, 0x00, 0x00, 0x00, 0x00, 0x00, 0x00, 0x00 },
        { 0x00, 0x00, 0x00, 0x00, 0x00, 0x00, 0x00, 0x00 },
    },
    { /* > */
        { 0x00, 0x00, 0x00, 0x00, 0x00, 0x00, 0x00, 0x00 },
        { 0x00, 0x00, 0x00, 0x00, 0x00, 0x00, 0x00, 0x00 },
        { 0x00, 0x00, 0x00, 0x00, 0x00, 0x00, 0x00, 0x00 },
        { 0x00, 0x00, 0x00, 0x00, 0x00, 0x00, 0x00, 0x00 },
        { 0x00, 0x00, 0x00, 0x00, 0x00, 0x00, 0x00, 0x00 },
        { 0x00, 0x00, 0x00, 0x00, 0x00, 0x00, 0x00, 0x00 },
        { 0x00, 0x00, 0x00, 0x00, 0x00, 0x00, 0x00, 0x00 },
        { 0x00, 0x00, 0x00, 0x00, 0x00, 0x00, 0x00, 0x00 },
        { 0x00, 0x00, 0x00, 0x00, 0x00, 0x00, 0x00, 0x00 },
        { 0x00, 0x00, 0x00, 0x00, 0x00, 0x00, 0x00, 0x00 },
        { 0x0a, 0x61, 0x00, 0x00, 0x00, 0x00, 0x00, 0x00 },
        { 0x0d, 0xfe, 0x93, 0x00, 0x00, 0x00, 0x00, 0x00 },
        { 0x0d, 0xff, 0xff, 0xc6, 0x00, 0x00, 0x00, 0x00 },
        { 0x05, 0xbf, 0xff, 0xff, 0xe8, 0x20, 0x00, 0x00 },
        { 0x00, 0x02, 0x8d, 0xff, 0xff, 0xfb, 0x50, 0x00 },
        { 0x00, 0x00, 0x00, 0x49, 0xef, 0xff, 0xfe, 0x50 },
        { 0x00, 0x00, 0x00, 0x00, 0x05, 0xbe, 0xff, 0x80 },
        { 0x00, 0x00, 0x00, 0x00, 0x05, 0xae, 0xff, 0x80 },
        { 0x00, 0x00, 0x00, 0x39, 0xef, 0xff, 0xfe, 0x50 },
        { 0x00, 0x02, 0x7d, 0xff, 0xff, 0xfb, 0x50, 0x00 },
        { 0x05, 0xbf, 0xff, 0xff, 0xe9, 0x20, 0x00, 0x00 },
        { 0x0d, 0xff, 0xff, 0xc6, 0x00, 0x00, 0x00, 0x00 },
        { 0x0d, 0xfe, 0x93, 0x00, 0x00, 0x00, 0x00, 0x00 },
        { 0x0a, 0x61, 0x00, 0x00, 0x00, 0x00, 0x00, 0x00 },
        { 0x00, 0x00, 0x00, 0x00, 0x00, 0x00, 0x00, 0x00 },
        { 0x00, 0x00, 0x00, 0x00, 0x00, 0x00, 0x00, 0x00 },
        { 0x00, 0x00, 0x00, 0x00, 0x00, 0x00, 0x00, 0x00 },
        { 0x00, 0x00, 0x00, 0x00, 0x00, 0x00, 0x00, 0x00 },
        { 0x00, 0x00, 0x00, 0x00, 0x00, 0x00, 0x00, 0x00 },
        { 0x00, 0x00, 0x00, 0x00, 0x00, 0x00, 0x00, 0x00 },
        { 0x00, 0x00, 0x00, 0x00, 0x00, 0x00, 0x00, 0x00 },
        { 0x00, 0x00, 0x00, 0x00, 0x00, 0x00, 0x00, 0x00 },
    },
    { /* ? */
        { 0x00, 0x00, 0x00, 0x00, 0x00, 0x00, 0x00, 0x00 },
        { 0x00, 0x00, 0x00, 0x00, 0x00, 0x00, 0x00, 0x00 },
        { 0x00, 0x00, 0x00, 0x00, 0x00, 0x00, 0x00, 0x00 },
        { 0x00, 0x00, 0x00, 0x00, 0x00, 0x00, 0x00, 0x00 },
        { 0x00, 0x00, 0x00, 0x00, 0x00, 0x00, 0x00, 0x00 },
        { 0x00, 0x00, 0x00, 0x00, 0x00, 0x00, 0x00, 0x00 },
        { 0x00, 0x02, 0x6b, 0xce, 0xed, 0x93, 0x00, 0x00 },
        { 0x00, 0x0f, 0xff, 0xff, 0xff, 0xff, 0x70, 0x00 },
        { 0x00, 0x0f, 0xff, 0xff, 0xff, 0xff, 0xf3, 0x00 },
        { 0x00, 0x0c, 0x73, 0x10, 0x18, 0xff, 0xf7, 0x00 },
        { 0x00, 0x00, 0x00, 0x00, 0x02, 0xff, 0xf6, 0x00 },
        { 0x00, 0x00, 0x00, 0x00, 0x0a, 0xff, 0xe1, 0x00 },
        { 0x00, 0x00, 0x00, 0x00, 0xbf, 0xfe, 0x40, 0x00 },
        { 0x00, 0x00, 0x00, 0x0b, 0xff, 0xe4, 0x00, 0x00 },
        { 0x00, 0x00, 0x00, 0x9f, 0xfe, 0x30, 0x00, 0x00 },
        { 0x00, 0x00, 0x02, 0xff, 0xf5, 0x00, 0x00, 0x00 },
        { 0x00, 0x00, 0x05, 0xff, 0xf1, 0x00, 0x00, 0x00 },
        { 0x00, 0x00, 0x06, 0xff, 0xe0, 0x00, 0x00, 0x00 },
        { 0x00, 0x00, 0x06, 0xff, 0xe0, 0x00, 0x00, 0x00 },
        { 0x00, 0x00, 0x00, 0x00, 0x00, 0x00, 0x00, 0x00 },
        { 0x00, 0x00, 0x00, 0x00, 0x00, 0x00, 0x00, 0x00 },
        { 0x00, 0x00, 0x06, 0xff, 0xe0, 0x00, 0x00, 0x00 },
        { 0x00, 0x00, 0x06, 0xff, 0xe0, 0x00, 0x00, 0x00 },
        { 0x00, 0x00, 0x06, 0xff, 0xe0, 0x00, 0x00, 0x00 },
        { 0x00, 0x00, 0x06, 0xff, 0xe0, 0x00, 0x00, 0x00 },
        { 0x00, 0x00, 0x00, 0x00, 0x00, 0x00, 0x00, 0x00 },
        { 0x00, 0x00, 0x00, 0x00, 0x00, 0x00, 0x00, 0x00 },
        { 0x00, 0x00, 0x00, 0x00, 0x00, 0x00, 0x00, 0x00 },
        { 0x00, 0x00, 0x00, 0x00, 0x00, 0x00, 0x00, 0x00 },
        { 0x00, 0x00, 0x00, 0x00, 0x00, 0x00, 0x00, 0x00 },
        { 0x00, 0x00, 0x00, 0x00, 0x00, 0x00, 0x00, 0x00 },
        { 0x00, 0x00, 0x00, 0x00, 0x00, 0x00, 0x00, 0x00 },
    },
    { /* @ */
        { 0x00, 0x00, 0x00, 0x00, 0x00, 0x00, 0x00, 0x00 },
        { 0x00, 0x00, 0x00, 0x00, 0x00, 0x00, 0x00, 0x00 },
        { 0x00, 0x00, 0x00, 0x00, 0x00, 0x00, 0x00, 0x00 },
        { 0x00, 0x00, 0x00, 0x00, 0x00, 0x00, 0x00, 0x00 },
        { 0x00, 0x00, 0x00, 0x00, 0x00, 0x00, 0x00, 0x00 },
        { 0x00, 0x00, 0x00, 0x00, 0x00, 0x00, 0x00, 0x00 },
        { 0x00, 0x00, 0x00, 0x00, 0x00, 0x00, 0x00, 0x00 },
        { 0x00, 0x00, 0x05, 0xad, 0xee, 0xb7, 0x00, 0x00 },
        { 0x00, 0x02, 0xbf, 0xff, 0xff, 0xff, 0xc2, 0x00 },
        { 0x00, 0x2d, 0xfe, 0x72, 0x02, 0x7e, 0xfc, 0x00 },
        { 0x00, 0xcf, 0xe2, 0x00, 0x00, 0x05, 0xff, 0x50 },
        { 0x07, 0xff, 0x40, 0x00, 0x00, 0x00, 0xef, 0x80 },
        { 0x0d, 0xfa, 0x00, 0x07, 0xce, 0xd6, 0xcf, 0xa0 },
        { 0x4f, 0xf4, 0x00, 0xaf, 0xff, 0xff, 0xff, 0xa0 },
        { 0x8f, 0xe0, 0x05, 0xff, 0x91, 0x1b, 0xff, 0xa0 },
        { 0xbf, 0xc0, 0x0b, 0xfe, 0x00, 0x02, 0xef, 0xa0 },
        { 0xcf, 0xa0, 0x0e, 0xfa, 0x00, 0x00, 0xcf, 0xa0 },
        { 0xdf, 0x90, 0x1f, 0xf8, 0x00, 0x00, 0xaf, 0xa0 },
        { 0xdf, 0x90, 0x1f, 0xf8, 0x00, 0x00, 0xaf, 0xa0 },
        { 0xcf, 0xa0, 0x0e, 0xfa, 0x00, 0x00, 0xcf, 0xa0 },
        { 0xaf, 0xc0, 0x0b, 0xfe, 0x00, 0x02, 0xef, 0xa0 },
        { 0x7f, 0xe1, 0x05, 0xff, 0x91, 0x1b, 0xff, 0xa0 },
        { 0x3f, 0xf6, 0x00, 0xaf, 0xff, 0xff, 0xff, 0xa0 },
        { 0x0c, 0xfc, 0x00, 0x07, 0xde, 0xd8, 0xcf, 0xa0 },
        { 0x05, 0xff, 0x80, 0x00, 0x00, 0x00, 0x00, 0x00 },
        { 0x00, 0x9f, 0xf7, 0x00, 0x00, 0x00, 0x00, 0x00 },
        { 0x00, 0x0a, 0xff, 0xb5, 0x10, 0x13, 0x9a, 0x00 },
        { 0x00, 0x00, 0x7e, 0xff, 0xff, 0xff, 0xff, 0x50 },
        { 0x00, 0x00, 0x01, 0x6b, 0xde, 0xed, 0xa5, 0x00 },
        { 0x00, 0x00, 0x00, 0x00, 0x00, 0x00, 0x00, 0x00 },
        { 0x00, 0x00, 0x00, 0x00, 0x00, 0x00, 0x00, 0x00 },
        { 0x00, 0x00, 0x00, 0x00, 0x00, 0x00, 0x00, 0x00 },
    },
    { /* A */
        { 0x00, 0x00, 0x00, 0x00, 0x00, 0x00, 0x00, 0x00 },
        { 0x00, 0x00, 0x00, 0x00, 0x00, 0x00, 0x00, 0x00 },
        { 0x00, 0x00, 0x00, 0x00, 0x00, 0x00, 0x00, 0x00 },
        { 0x00, 0x00, 0x00, 0x00, 0x00, 0x00, 0x00, 0x00 },
        { 0x00, 0x00, 0x00, 0x00, 0x00, 0x00, 0x00, 0x00 },
        { 0x00, 0x00, 0x00, 0x00, 0x00, 0x00, 0x00, 0x00 },
        { 0x00, 0x00, 0x09, 0xff, 0xff, 0x30, 0x00, 0x00 },
        { 0x00, 0x00, 0x0d, 0xff, 0xff, 0x70, 0x00, 0x00 },
        { 0x00, 0x00, 0x2f, 0xff, 0xff, 0xb0, 0x00, 0x00 },
        { 0x00, 0x00, 0x6f, 0xfd, 0xff, 0xe1, 0x00, 0x00 },
        { 0x00, 0x00, 0xaf, 0xf8, 0xdf, 0xf5, 0x00, 0x00 },
        { 0x00, 0x00, 0xef, 0xf5, 0xaf, 0xf9, 0x00, 0x00 },
        { 0x00, 0x03, 0xff, 0xf1, 0x6f, 0xfd, 0x00, 0x00 },
        { 0x00, 0x07, 0xff, 0xd0, 0x3f, 0xff, 0x20, 0x00 },
        { 0x00, 0x0b, 0xff, 0x90, 0x0e, 0xff, 0x60, 0x00 },
        { 0x00, 0x0e, 0xff, 0x60, 0x0b, 0xff, 0xa0, 0x00 },
        { 0x00, 0x4f, 0xff, 0x20, 0x07, 0xff, 0xe0, 0x00 },
        { 0x00, 0x8f, 0xff, 0xff, 0xff, 0xff, 0xf3, 0x00 },
        { 0x00, 0xcf, 0xff, 0xff, 0xff, 0xff, 0xf7, 0x00 },
        { 0x01, 0xff, 0xff, 0xff, 0xff, 0xff, 0xfb, 0x00 },
        { 0x05, 0xff, 0xf2, 0x00, 0x00, 0x8f, 0xfe, 0x00 },
        { 0x09, 0xff, 0xe0, 0x00, 0x00, 0x4f, 0xff, 0x40 },
        { 0x0d, 0xff, 0xb0, 0x00, 0x00, 0x1f, 0xff, 0x80 },
        { 0x2f, 0xff, 0x70, 0x00, 0x00, 0x0d, 0xff, 0xc0 },
        { 0x6f, 0xff, 0x40, 0x00, 0x00, 0x09, 0xff, 0xf1 },
        { 0x00, 0x00, 0x00, 0x00, 0x00, 0x00, 0x00, 0x00 },
        { 0x00, 0x00, 0x00, 0x00, 0x00, 0x00, 0x00, 0x00 },
        { 0x00, 0x00, 0x00, 0x00, 0x00, 0x00, 0x00, 0x00 },
        { 0x00, 0x00, 0x00, 0x00, 0x00, 0x00, 0x00, 0x00 },
        { 0x00, 0x00, 0x00, 0x00, 0x00, 0x00, 0x00, 0x00 },
        { 0x00, 0x00, 0x00, 0x00, 0x00, 0x00, 0x00, 0x00 },
        { 0x00, 0x00, 0x00, 0x00, 0x00, 0x00, 0x00, 0x00 },
    },
    { /* B */
        { 0x00, 0x00, 0x00, 0x00, 0x00, 0x00, 0x00, 0x00 },
        { 0x00, 0x00, 0x00, 0x00, 0x00, 0x00, 0x00, 0x00 },
        { 0x00, 0x00, 0x00, 0x00, 0x00, 0x00, 0x00, 0x00 },
        { 0x00, 0x00, 0x00, 0x00, 0x00, 0x00, 0x00, 0x00 },
        { 0x00, 0x00, 0x00, 0x00, 0x00, 0x00, 0x00, 0x00 },
        { 0x00, 0x00, 0x00, 0x00, 0x00, 0x00, 0x00, 0x00 },
        { 0x06, 0xff, 0xff, 0xff, 0xed, 0xa5, 0x00, 0x00 },
        { 0x06, 0xff, 0xff, 0xff, 0xff, 0xff, 0xb0, 0x00 },
        { 0x06, 0xff, 0xff, 0xff, 0xff, 0xff, 0xf8, 0x00 },
        { 0x06, 0xff, 0xf3, 0x00, 0x16, 0xef, 0xfd, 0x00 },
        { 0x06, 0xff, 0xf3, 0x00, 0x00, 0xbf, 0xff, 0x00 },
        { 0x06, 0xff, 0xf3, 0x00, 0x00, 0xbf, 0xfd, 0x00 },
        { 0x06, 0xff, 0xf3, 0x00, 0x15, 0xef, 0xf8, 0x00 },
        { 0x06, 0xff, 0xff, 0xff, 0xff, 0xff, 0xa0, 0x00 },
        { 0x06, 0xff, 0xff, 0xff, 0xff, 0xd7, 0x00, 0x00 },
        { 0x06, 0xff, 0xff, 0xff, 0xff, 0xff, 0xd2, 0x00 },
        { 0x06, 0xff, 0xf3, 0x00, 0x15, 0xdf, 0xfd, 0x00 },
        { 0x06, 0xff, 0xf3, 0x00, 0x00, 0x5f, 0xff, 0x60 },
        { 0x06, 0xff, 0xf3, 0x00, 0x00, 0x2f, 0xff, 0x90 },
        { 0x06, 0xff, 0xf3, 0x00, 0x00, 0x2f, 0xff, 0xa0 },
        { 0x06, 0xff, 0xf3, 0x00, 0x00, 0x4f, 0xff, 0x90 },
        { 0x06, 0xff, 0xf3, 0x00, 0x04, 0xdf, 0xff, 0x60 },
        { 0x06, 0xff, 0xff, 0xff, 0xff, 0xff, 0xfe, 0x10 },
        { 0x06, 0xff, 0xff, 0xff, 0xff, 0xff, 0xe4, 0x00 },
        { 0x06, 0xff, 0xff, 0xff, 0xed, 0xb7, 0x10, 0x00 },
        { 0x00, 0x00, 0x00, 0x00, 0x00, 0x00, 0x00, 0x00 },
        { 0x00, 0x00, 0x00, 0x00, 0x00, 0x00, 0x00, 0x00 },
        { 0x00, 0x00, 0x00, 0x00, 0x00, 0x00, 0x00, 0x00 },
        { 0x00, 0x00, 0x00, 0x00, 0x00, 0x00, 0x00, 0x00 },
        { 0x00, 0x00, 0x00, 0x00, 0x00, 0x00, 0x00, 0x00 },
        { 0x00, 0x00, 0x00, 0x00, 0x00, 0x00, 0x00, 0x00 },
        { 0x00, 0x00, 0x00, 0x00, 0x00, 0x00, 0x00, 0x00 },
    },
    { /* C */
        { 0x00, 0x00, 0x00, 0x00, 0x00, 0x00, 0x00, 0x00 },
        { 0x00, 0x00, 0x00, 0x00, 0x00, 0x00, 0x00, 0x00 },
        { 0x00, 0x00, 0x00, 0x00, 0x00, 0x00, 0x00, 0x00 },
        { 0x00, 0x00, 0x00, 0x00, 0x00, 0x00, 0x00, 0x00 },
        { 0x00, 0x00, 0x00, 0x00, 0x00, 0x00, 0x00, 0x00 },
        { 0x00, 0x00, 0x00, 0x00, 0x00, 0x00, 0x00, 0x00 },
        { 0x00, 0x00, 0x00, 0x5a, 0xde, 0xdb, 0x71, 0x00 },
        { 0x00, 0x00, 0x2c, 0xff, 0xff, 0xff, 0xfa, 0x00 },
        { 0x00, 0x01, 0xdf, 0xff, 0xff, 0xff, 0xfa, 0x00 },
        { 0x00, 0x0b, 0xff, 0xfc, 0x40, 0x15, 0xda, 0x00 },
        { 0x00, 0x3f, 0xff, 0xd1, 0x00, 0x00, 0x07, 0x00 },
        { 0x00, 0x8f, 0xff, 0x60, 0x00, 0x00, 0x00, 0x00 },
        { 0x00, 0xbf, 0xff, 0x20, 0x00, 0x00, 0x00, 0x00 },
        { 0x00, 0xef, 0xfe, 0x00, 0x00, 0x00, 0x00, 0x00 },
        { 0x00, 0xef, 0xfd, 0x00, 0x00, 0x00, 0x00, 0x00 },
        { 0x00, 0xff, 0xfc, 0x00, 0x00, 0x00, 0x00, 0x00 },
        { 0x00, 0xef, 0xfd, 0x00, 0x00, 0x00, 0x00, 0x00 },
        { 0x00, 0xef, 0xfe, 0x00, 0x00, 0x00, 0x00, 0x00 },
        { 0x00, 0xbf, 0xff, 0x20, 0x00, 0x00, 0x00, 0x00 },
        { 0x00, 0x8f, 0xff, 0x60, 0x00, 0x00, 0x00, 0x00 },
        { 0x00, 0x3f, 0xff, 0xd1, 0x00, 0x00, 0x07, 0x00 },
        { 0x00, 0x0b, 0xff, 0xfc, 0x40, 0x15, 0xda, 0x00 },
        { 0x00, 0x01, 0xdf, 0xff, 0xff, 0xff, 0xfa, 0x00 },
        { 0x00, 0x00, 0x2c, 0xff, 0xff, 0xff, 0xfa, 0x00 },
        { 0x00, 0x00, 0x00, 0x5a, 0xde, 0xdb, 0x71, 0x00 },
        { 0x00, 0x00, 0x00, 0x00, 0x00, 0x00, 0x00, 0x00 },
        { 0x00, 0x00, 0x00, 0x00, 0x00, 0x00, 0x00, 0x00 },
        { 0x00, 0x00, 0x00, 0x00, 0x00, 0x00, 0x00, 0x00 },
        { 0x00, 0x00, 0x00, 0x00, 0x00, 0x00, 0x00, 0x00 },
        { 0x00, 0x00, 0x00, 0x00, 0x00, 0x00, 0x00, 0x00 },
        { 0x00, 0x00, 0x00, 0x00, 0x00, 0x00, 0x00, 0x00 },
        { 0x00, 0x00, 0x00, 0x00, 0x00, 0x00, 0x00, 0x00 },
    },
    { /* D */
        { 0x00, 0x00, 0x00, 0x00, 0x00, 0x00, 0x00, 0x00 },
        { 0x00, 0x00, 0x00, 0x00, 0x00, 0x00, 0x00, 0x00 },
        { 0x00, 0x00, 0x00, 0x00, 0x00, 0x00, 0x00, 0x00 },
        { 0x00, 0x00, 0x00, 0x00, 0x00, 0x00, 0x00, 0x00 },
        { 0x00, 0x00, 0x00, 0x00, 0x00, 0x00, 0x00, 0x00 },
        { 0x00, 0x00, 0x00, 0x00, 0x00, 0x00, 0x00, 0x00 },
        { 0x04, 0xff, 0xff, 0xed, 0xa7, 0x10, 0x00, 0x00 },
        { 0x04, 0xff, 0xff, 0xff, 0xff, 0xe8, 0x00, 0x00 },
        { 0x04, 0xff, 0xff, 0xff, 0xff, 0xff, 0x90, 0x00 },
        { 0x04, 0xff, 0xf7, 0x01, 0x7e, 0xff, 0xf4, 0x00 },
        { 0x04, 0xff, 0xf7, 0x00, 0x05, 0xff, 0xfa, 0x00 },
        { 0x04, 0xff, 0xf7, 0x00, 0x00, 0xdf, 0xfe, 0x00 },
        { 0x04, 0xff, 0xf7, 0x00, 0x00, 0x9f, 0xff, 0x30 },
        { 0x04, 0xff, 0xf7, 0x00, 0x00, 0x7f, 0xff, 0x50 },
        { 0x04, 0xff, 0xf7, 0x00, 0x00, 0x6f, 0xff, 0x60 },
        { 0x04, 0xff, 0xf7, 0x00, 0x00, 0x6f, 0xff, 0x70 },
        { 0x04, 0xff, 0xf7, 0x00, 0x00, 0x6f, 0xff, 0x60 },
        { 0x04, 0xff, 0xf7, 0x00, 0x00, 0x7f, 0xff, 0x50 },
        { 0x04, 0xff, 0xf7, 0x00, 0x00, 0x9f, 0xff, 0x30 },
        { 0x04, 0xff, 0xf7, 0x00, 0x00, 0xdf, 0xfe, 0x00 },
        { 0x04, 0xff, 0xf7, 0x00, 0x05, 0xff, 0xfa, 0x00 },
        { 0x04, 0xff, 0xf7, 0x01, 0x6e, 0xff, 0xf4, 0x00 },
        { 0x04, 0xff, 0xff, 0xff, 0xff, 0xff, 0x90, 0x00 },
        { 0x04, 0xff, 0xff, 0xff, 0xff, 0xe7, 0x00, 0x00 },
        { 0x04, 0xff, 0xff, 0xed, 0xa7, 0x10, 0x00, 0x00 },
        { 0x00, 0x00, 0x00, 0x00, 0x00, 0x00, 0x00, 0x00 },
        { 0x00, 0x00, 0x00, 0x00, 0x00, 0x00, 0x00, 0x00 },
        { 0x00, 0x00, 0x00, 0x00, 0x00, 0x00, 0x00, 0x00 },
        { 0x00, 0x00, 0x00, 0x00, 0x00, 0x00, 0x00, 0x00 },
        { 0x00, 0x00, 0x00, 0x00, 0x00, 0x00, 0x00, 0x00 },
        { 0x00, 0x00, 0x00, 0x00, 0x00, 0x00, 0x00, 0x00 },
        { 0x00, 0x00, 0x00, 0x00, 0x00, 0x00, 0x00, 0x00 },
    },
    { /* E */
        { 0x00, 0x00, 0x00, 0x00, 0x00, 0x00, 0x00, 0x00 },
        { 0x00, 0x00, 0x00, 0x00, 0x00, 0x00, 0x00, 0x00 },
        { 0x00, 0x00, 0x00, 0x00, 0x00, 0x00, 0x00, 0x00 },
        { 0x00, 0x00, 0x00, 0x00, 0x00, 0x00, 0x00, 0x00 },
        { 0x00, 0x00, 0x00, 0x00, 0x00, 0x00, 0x00, 0x00 },
        { 0x00, 0x00, 0x00, 0x00, 0x00, 0x00, 0x00, 0x00 },
        { 0x00, 0xcf, 0xff, 0xff, 0xff, 0xff, 0xfe, 0x00 },
        { 0x00, 0xcf, 0xff, 0xff, 0xff, 0xff, 0xfe, 0x00 },
        { 0x00, 0xcf, 0xff, 0xff, 0xff, 0xff, 0xfe, 0x00 },
        { 0x00, 0xcf, 0xfd, 0x00, 0x00, 0x00, 0x00, 0x00 },
        { 0x00, 0xcf, 0xfd, 0x00, 0x00, 0x00, 0x00, 0x00 },
        { 0x00, 0xcf, 0xfd, 0x00, 0x00, 0x00, 0x00, 0x00 },
        { 0x00, 0xcf, 0xfd, 0x00, 0x00, 0x00, 0x00, 0x00 },
        { 0x00, 0xcf, 0xff, 0xff, 0xff, 0xff, 0xf2, 0x00 },
        { 0x00, 0xcf, 0xff, 0xff, 0xff, 0xff, 0xf2, 0x00 },
        { 0x00, 0xcf, 0xff, 0xff, 0xff, 0xff, 0xf2, 0x00 },
        { 0x00, 0xcf, 0xfd, 0x00, 0x00, 0x00, 0x00, 0x00 },
        { 0x00, 0xcf, 0xfd, 0x00, 0x00, 0x00, 0x00, 0x00 },
        { 0x00, 0xcf, 0xfd, 0x00, 0x00, 0x00, 0x00, 0x00 },
        { 0x00, 0xcf, 0xfd, 0x00, 0x00, 0x00, 0x00, 0x00 },
        { 0x00, 0xcf, 0xfd, 0x00, 0x00, 0x00, 0x00, 0x00 },
        { 0x00, 0xcf, 0xfd, 0x00, 0x00, 0x00, 0x00, 0x00 },
        { 0x00, 0xcf, 0xff, 0xff, 0xff, 0xff, 0xfe, 0x00 },
        { 0x00, 0xcf, 0xff, 0xff, 0xff, 0xff, 0xfe, 0x00 },
        { 0x00, 0xcf, 0xff, 0xff, 0xff, 0xff, 0xfe, 0x00 },
        { 0x00, 0x00, 0x00, 0x00, 0x00, 0x00, 0x00, 0x00 },
        { 0x00, 0x00, 0x00, 0x00, 0x00, 0x00, 0x00, 0x00 },
        { 0x00, 0x00, 0x00, 0x00, 0x00, 0x00, 0x00, 0x00 },
        { 0x00, 0x00, 0x00, 0x00, 0x00, 0x00, 0x00, 0x00 },
        { 0x00, 0x00, 0x00, 0x00, 0x00, 0x00, 0x00, 0x00 },
        { 0x00, 0x00, 0x00, 0x00, 0x00, 0x00, 0x00, 0x00 },
        { 0x00, 0x00, 0x00, 0x00, 0x00, 0x00, 0x00, 0x00 },
    },
    { /* F */
        { 0x00, 0x00, 0x00, 0x00, 0x00, 0x00, 0x00, 0x00 },
        { 0x00, 0x00, 0x00, 0x00, 0x00, 0x00, 0x00, 0x00 },
        { 0x00, 0x00, 0x00, 0x00, 0x00, 0x00, 0x00, 0x00 },
        { 0x00, 0x00, 0x00, 0x00, 0x00, 0x00, 0x00, 0x00 },
        { 0x00, 0x00, 0x00, 0x00, 0x00, 0x00, 0x00, 0x00 },
        { 0x00, 0x00, 0x00, 0x00, 0x00, 0x00, 0x00, 0x00 },
        { 0x00, 0xaf, 0xff, 0xff, 0xff, 0xff, 0xff, 0x10 },
        { 0x00, 0xaf, 0xff, 0xff, 0xff, 0xff, 0xff, 0x10 },
        { 0x00, 0xaf, 0xff, 0xff, 0xff, 0xff, 0xff, 0x10 },
        { 0x00, 0xaf, 0xff, 0x00, 0x00, 0x00, 0x00, 0x00 },
        { 0x00, 0xaf, 0xff, 0x00, 0x00, 0x00, 0x00, 0x00 },
        { 0x00, 0xaf, 0xff, 0x00, 0x00, 0x00, 0x00, 0x00 },
        { 0x00, 0xaf, 0xff, 0x00, 0x00, 0x00, 0x00, 0x00 },
        { 0x00, 0xaf, 0xff, 0xff, 0xff, 0xff, 0xf5, 0x00 },
        { 0x00, 0xaf, 0xff, 0xff, 0xff, 0xff, 0xf5, 0x00 },
        { 0x00, 0xaf, 0xff, 0xff, 0xff, 0xff, 0xf5, 0x00 },
        { 0x00, 0xaf, 0xff, 0x00, 0x00, 0x00, 0x00, 0x00 },
        { 0x00, 0xaf, 0xff, 0x00, 0x00, 0x00, 0x00, 0x00 },
        { 0x00, 0xaf, 0xff, 0x00, 0x00, 0x00, 0x00, 0x00 },
        { 0x00, 0xaf, 0xff, 0x00, 0x00, 0x00, 0x00, 0x00 },
        { 0x00, 0xaf, 0xff, 0x00, 0x00, 0x00, 0x00, 0x00 },
        { 0x00, 0xaf, 0xff, 0x00, 0x00, 0x00, 0x00, 0x00 },
        { 0x00, 0xaf, 0xff, 0x00, 0x00, 0x00, 0x00, 0x00 },
        { 0x00, 0xaf, 0xff, 0x00, 0x00, 0x00, 0x00, 0x00 },
        { 0x00, 0xaf, 0xff, 0x00, 0x00, 0x00, 0x00, 0x00 },
        { 0x00, 0x00, 0x00, 0x00, 0x00, 0x00, 0x00, 0x00 },
        { 0x00, 0x00, 0x00, 0x00, 0x00, 0x00, 0x00, 0x00 },
        { 0x00, 0x00, 0x00, 0x00, 0x00, 0x00, 0x00, 0x00 },
        { 0x00, 0x00, 0x00, 0x00, 0x00, 0x00, 0x00, 0x00 },
        { 0x00, 0x00, 0x00, 0x00, 0x00, 0x00, 0x00, 0x00 },
        { 0x00, 0x00, 0x00, 0x00, 0x00, 0x00, 0x00, 0x00 },
        { 0x00, 0x00, 0x00, 0x00, 0x00, 0x00, 0x00, 0x00 },
    },
    { /* G */
        { 0x00, 0x00, 0x00, 0x00, 0x00, 0x00, 0x00, 0x00 },
        { 0x00, 0x00, 0x00, 0x00, 0x00, 0x00, 0x00, 0x00 },
        { 0x00, 0x00, 0x00, 0x00, 0x00, 0x00, 0x00, 0x00 },
        { 0x00, 0x00, 0x00, 0x00, 0x00, 0x00, 0x00, 0x00 },
        { 0x00, 0x00, 0x00, 0x00, 0x00, 0x00, 0x00, 0x00 },
        { 0x00, 0x00, 0x00, 0x00, 0x00, 0x00, 0x00, 0x00 },
        { 0x00, 0x00, 0x02, 0x8c, 0xde, 0xdb, 0x61, 0x00 },
        { 0x00, 0x00, 0x7e, 0xff, 0xff, 0xff, 0xfa, 0x00 },
        { 0x00, 0x07, 0xff, 0xff, 0xff, 0xff, 0xfa, 0x00 },
        { 0x00, 0x3e, 0xff, 0xf9, 0x20, 0x15, 0xda, 0x00 },
        { 0x00, 0x9f, 0xff, 0x80, 0x00, 0x00, 0x06, 0x00 },
        { 0x00, 0xef, 0xfe, 0x00, 0x00, 0x00, 0x00, 0x00 },
        { 0x03, 0xff, 0xfa, 0x00, 0x00, 0x00, 0x00, 0x00 },
        { 0x05, 0xff, 0xf7, 0x00, 0x00, 0x00, 0x00, 0x00 },
        { 0x06, 0xff, 0xf6, 0x00, 0x00, 0x00, 0x00, 0x00 },
        { 0x07, 0xff, 0xf6, 0x00, 0x7f, 0xff, 0xff, 0x50 },
        { 0x06, 0xff, 0xf6, 0x00, 0x7f, 0xff, 0xff, 0x50 },
        { 0x05, 0xff, 0xf7, 0x00, 0x7f, 0xff, 0xff, 0x50 },
        { 0x03, 0xff, 0xfa, 0x00, 0x00, 0x0d, 0xff, 0x50 },
        { 0x00, 0xef, 0xfe, 0x00, 0x00, 0x0d, 0xff, 0x50 },
        { 0x00, 0x9f, 0xff, 0x80, 0x00, 0x0d, 0xff, 0x50 },
        { 0x00, 0x2e, 0xff, 0xe8, 0x10, 0x2e, 0xff, 0x50 },
        { 0x00, 0x07, 0xff, 0xff, 0xff, 0xff, 0xff, 0x50 },
        { 0x00, 0x00, 0x7e, 0xff, 0xff, 0xff, 0xfc, 0x20 },
        { 0x00, 0x00, 0x02, 0x8c, 0xee, 0xda, 0x50, 0x00 },
        { 0x00, 0x00, 0x00, 0x00, 0x00, 0x00, 0x00, 0x00 },
        { 0x00, 0x00, 0x00, 0x00, 0x00, 0x00, 0x00, 0x00 },
        { 0x00, 0x00, 0x00, 0x00, 0x00, 0x00, 0x00, 0x00 },
        { 0x00, 0x00, 0x00, 0x00, 0x00, 0x00, 0x00, 0x00 },
        { 0x00, 0x00, 0x00, 0x00, 0x00, 0x00, 0x00, 0x00 },
        { 0x00, 0x00, 0x00, 0x00, 0x00, 0x00, 0x00, 0x00 },
        { 0x00, 0x00, 0x00, 0x00, 0x00, 0x00, 0x00, 0x00 },
    },
    { /* H */
        { 0x00, 0x00, 0x00, 0x00, 0x00, 0x00, 0x00, 0x00 },
        { 0x00, 0x00, 0x00, 0x00, 0x00, 0x00, 0x00, 0x00 },
        { 0x00, 0x00, 0x00, 0x00, 0x00, 0x00, 0x00, 0x00 },
        { 0x00, 0x00, 0x00, 0x00, 0x00, 0x00, 0x00, 0x00 },
        { 0x00, 0x00, 0x00, 0x00, 0x00, 0x00, 0x00, 0x00 },
        { 0x00, 0x00, 0x00, 0x00, 0x00, 0x00, 0x00, 0x00 },
        { 0x04, 0xff, 0xf7, 0x00, 0x00, 0xcf, 0xfd, 0x00 },
        { 0x04, 0xff, 0xf7, 0x00, 0x00, 0xcf, 0xfd, 0x00 },
        { 0x04, 0xff, 0xf7, 0x00, 0x00, 0xcf, 0xfd, 0x00 },
        { 0x04, 0xff, 0xf7, 0x00, 0x00, 0xcf, 0xfd, 0x00 },
        { 0x04, 0xff, 0xf7, 0x00, 0x00, 0xcf, 0xfd, 0x00 },
        { 0x04, 0xff, 0xf7, 0x00, 0x00, 0xcf, 0xfd, 0x00 },
        { 0x04, 0xff, 0xf7, 0x00, 0x00, 0xcf, 0xfd, 0x00 },
        { 0x04, 0xff, 0xff, 0xff, 0xff, 0xff, 0xfd, 0x00 },
        { 0x04, 0xff, 0xff, 0xff, 0xff, 0xff, 0xfd, 0x00 },
        { 0x04, 0xff, 0xff, 0xff, 0xff, 0xff, 0xfd, 0x00 },
        { 0x04, 0xff, 0xf7, 0x00, 0x00, 0xcf, 0xfd, 0x00 },
        { 0x04, 0xff, 0xf7, 0x00, 0x00, 0xcf, 0xfd, 0x00 },
        { 0x04, 0xff, 0xf7, 0x00, 0x00, 0xcf, 0xfd, 0x00 },
        { 0x04, 0xff, 0xf7, 0x00, 0x00, 0xcf, 0xfd, 0x00 },
        { 0x04, 0xff, 0xf7, 0x00, 0x00, 0xcf, 0xfd, 0x00 },
        { 0x04, 0xff, 0xf7, 0x00, 0x00, 0xcf, 0xfd, 0x00 },
        { 0x04, 0xff, 0xf7, 0x00, 0x00, 0xcf, 0xfd, 0x00 },
        { 0x04, 0xff, 0xf7, 0x00, 0x00, 0xcf, 0xfd, 0x00 },
        { 0x04, 0xff, 0xf7, 0x00, 0x00, 0xcf, 0xfd, 0x00 },
        { 0x00, 0x00, 0x00, 0x00, 0x00, 0x00, 0x00, 0x00 },
        { 0x00, 0x00, 0x00, 0x00, 0x00, 0x00, 0x00, 0x00 },
        { 0x00, 0x00, 0x00, 0x00, 0x00, 0x00, 0x00, 0x00 },
        { 0x00, 0x00, 0x00, 0x00, 0x00, 0x00, 0x00, 0x00 },
        { 0x00, 0x00, 0x00, 0x00, 0x00, 0x00, 0x00, 0x00 },
        { 0x00, 0x00, 0x00, 0x00, 0x00, 0x00, 0x00, 0x00 },
        { 0x00, 0x00, 0x00, 0x00, 0x00, 0x00, 0x00, 0x00 },
    },
    { /* I */
        { 0x00, 0x00, 0x00, 0x00, 0x00, 0x00, 0x00, 0x00 },
        { 0x00, 0x00, 0x00, 0x00, 0x00, 0x00, 0x00, 0x00 },
        { 0x00, 0x00, 0x00, 0x00, 0x00, 0x00, 0x00, 0x00 },
        { 0x00, 0x00, 0x00, 0x00, 0x00, 0x00, 0x00, 0x00 },
        { 0x00, 0x00, 0x00, 0x00, 0x00, 0x00, 0x00, 0x00 },
        { 0x00, 0x00, 0x00, 0x00, 0x00, 0x00, 0x00, 0x00 },
        { 0x00, 0xcf, 0xff, 0xff, 0xff, 0xff, 0xf7, 0x00 },
        { 0x00, 0xcf, 0xff, 0xff, 0xff, 0xff, 0xf7, 0x00 },
        { 0x00, 0xcf, 0xff, 0xff, 0xff, 0xff, 0xf7, 0x00 },
        { 0x00, 0x00, 0x00, 0xff, 0xfa, 0x00, 0x00, 0x00 },
        { 0x00, 0x00, 0x00, 0xff, 0xfa, 0x00, 0x00, 0x00 },
        { 0x00, 0x00, 0x00, 0xff, 0xfa, 0x00, 0x00, 0x00 },
        { 0x00, 0x00, 0x00, 0xff, 0xfa, 0x00, 0x00, 0x00 },
        { 0x00, 0x00, 0x00, 0xff, 0xfa, 0x00, 0x00, 0x00 },
        { 0x00, 0x00, 0x00, 0xff, 0xfa, 0x00, 0x00, 0x00 },
        { 0x00, 0x00, 0x00, 0xff, 0xfa, 0x00, 0x00, 0x00 },
        { 0x00, 0x00, 0x00, 0xff, 0xfa, 0x00, 0x00, 0x00 },
        { 0x00, 0x00, 0x00, 0xff, 0xfa, 0x00, 0x00, 0x00 },
        { 0x00, 0x00, 0x00, 0xff, 0xfa, 0x00, 0x00, 0x00 },
        { 0x00, 0x00, 0x00, 0xff, 0xfa, 0x00, 0x00, 0x00 },
        { 0x00, 0x00, 0x00, 0xff, 0xfa, 0x00, 0x00, 0x00 },
        { 0x00, 0x00, 0x00, 0xff, 0xfa, 0x00, 0x00, 0x00 },
        { 0x00, 0xcf, 0xff, 0xff, 0xff, 0xff, 0xf7, 0x00 },
        { 0x00, 0xcf, 0xff, 0xff, 0xff, 0xff, 0xf7, 0x00 },
        { 0x00, 0xcf, 0xff, 0xff, 0xff, 0xff, 0xf7, 0x00 },
        { 0x00, 0x00, 0x00, 0x00, 0x00, 0x00, 0x00, 0x00 },
        { 0x00, 0x00, 0x00, 0x00, 0x00, 0x00, 0x00, 0x00 },
        { 0x00, 0x00, 0x00, 0x00, 0x00, 0x00, 0x00, 0x00 },
        { 0x00, 0x00, 0x00, 0x00, 0x00, 0x00, 0x00, 0x00 },
        { 0x00, 0x00, 0x00, 0x00, 0x00, 0x00, 0x00, 0x00 },
        { 0x00, 0x00, 0x00, 0x00, 0x00, 0x00, 0x00, 0x00 },
        { 0x00, 0x00, 0x00, 0x00, 0x00, 0x00, 0x00, 0x00 },
    },
    { /* J */
        { 0x00, 0x00, 0x00, 0x00, 0x00, 0x00, 0x00, 0x00 },
        { 0x00, 0x00, 0x00, 0x00, 0x00, 0x00, 0x00, 0x00 },
        { 0x00, 0x00, 0x00, 0x00, 0x00, 0x00, 0x00, 0x00 },
        { 0x00, 0x00, 0x00, 0x00, 0x00, 0x00, 0x00, 0x00 },
        { 0x00, 0x00, 0x00, 0x00, 0x00, 0x00, 0x00, 0x00 },
        { 0x00, 0x00, 0x00, 0x00, 0x00, 0x00, 0x00, 0x00 },
        { 0x00, 0x00, 0x8f, 0xff, 0xff, 0xff, 0xc0, 0x00 },
        { 0x00, 0x00, 0x8f, 0xff, 0xff, 0xff, 0xc0, 0x00 },
        { 0x00, 0x00, 0x8f, 0xff, 0xff, 0xff, 0xc0, 0x00 },
        { 0x00, 0x00, 0x00, 0x00, 0x0e, 0xff, 0xc0, 0x00 },
        { 0x00, 0x00, 0x00, 0x00, 0x0e, 0xff, 0xc0, 0x00 },
        { 0x00, 0x00, 0x00, 0x00, 0x0e, 0xff, 0xc0, 0x00 },
        { 0x00, 0x00, 0x00, 0x00, 0x0e, 0xff, 0xc0, 0x00 },
        { 0x00, 0x00, 0x00, 0x00, 0x0e, 0xff, 0xc0, 0x00 },
        { 0x00, 0x00, 0x00, 0x00, 0x0e, 0xff, 0xc0, 0x00 },
        { 0x00, 0x00, 0x00, 0x00, 0x0e, 0xff, 0xc0, 0x00 },
        { 0x00, 0x00, 0x00, 0x00, 0x0e, 0xff, 0xc0, 0x00 },
        { 0x00, 0x00, 0x00, 0x00, 0x0e, 0xff, 0xc0, 0x00 },
        { 0x00, 0x00, 0x00, 0x00, 0x0e, 0xff, 0xc0, 0x00 },
        { 0x00, 0x00, 0x00, 0x00, 0x0e, 0xff, 0xb0, 0x00 },
        { 0x07, 0x20, 0x00, 0x00, 0x3f, 0xff, 0xa0, 0x00 },
        { 0x09, 0xe9, 0x31, 0x03, 0xcf, 0xff, 0x70, 0x00 },
        { 0x09, 0xff, 0xff, 0xff, 0xff, 0xfe, 0x20, 0x00 },
        { 0x09, 0xff, 0xff, 0xff, 0xff, 0xe6, 0x00, 0x00 },
        { 0x00, 0x49, 0xcd, 0xee, 0xc9, 0x30, 0x00, 0x00 },
        { 0x00, 0x00, 0x00, 0x00, 0x00, 0x00, 0x00, 0x00 },
        { 0x00, 0x00, 0x00, 0x00, 0x00, 0x00, 0x00, 0x00 },
        { 0x00, 0x00, 0x00, 0x00, 0x00, 0x00, 0x00, 0x00 },
        { 0x00, 0x00, 0x00, 0x00, 0x00, 0x00, 0x00, 0x00 },
        { 0x00, 0x00, 0x00, 0x00, 0x00, 0x00, 0x00, 0x00 },
        { 0x00, 0x00, 0x00, 0x00, 0x00, 0x00, 0x00, 0x00 },
        { 0x00, 0x00, 0x00, 0x00, 0x00, 0x00, 0x00, 0x00 },
    },
    { /* K */
        { 0x00, 0x00, 0x00, 0x00, 0x00, 0x00, 0x00, 0x00 },
        { 0x00, 0x00, 0x00, 0x00, 0x00, 0x00, 0x00, 0x00 },
        { 0x00, 0x00, 0x00, 0x00, 0x00, 0x00, 0x00, 0x00 },
        { 0x00, 0x00, 0x00, 0x00, 0x00, 0x00, 0x00, 0x00 },
        { 0x00, 0x00, 0x00, 0x00, 0x00, 0x00, 0x00, 0x00 },
        { 0x00, 0x00, 0x00, 0x00, 0x00, 0x00, 0x00, 0x00 },
        { 0x07, 0xff, 0xf3, 0x00, 0x00, 0x4e, 0xff, 0xd1 },
        { 0x07, 0xff, 0xf3, 0x00, 0x01, 0xef, 0xfe, 0x20 },
        { 0x07, 0xff, 0xf3, 0x00, 0x0c, 0xff, 0xf5, 0x00 },
        { 0x07, 0xff, 0xf3, 0x00, 0x9f, 0xff, 0x80, 0x00 },
        { 0x07, 0xff, 0xf3, 0x06, 0xff, 0xfb, 0x00, 0x00 },
        { 0x07, 0xff, 0xf3, 0x3e, 0xff, 0xd1, 0x00, 0x00 },
        { 0x07, 0xff, 0xf4, 0xdf, 0xfe, 0x20, 0x00, 0x00 },
        { 0x07, 0xff, 0xfd, 0xff, 0xf7, 0x00, 0x00, 0x00 },
        { 0x07, 0xff, 0xff, 0xff, 0xfd, 0x00, 0x00, 0x00 },
        { 0x07, 0xff, 0xff, 0xff, 0xff, 0x60, 0x00, 0x00 },
        { 0x07, 0xff, 0xff, 0xce, 0xff, 0xd0, 0x00, 0x00 },
        { 0x07, 0xff, 0xfe, 0x28, 0xff, 0xf7, 0x00, 0x00 },
        { 0x07, 0xff, 0xf5, 0x01, 0xef, 0xfe, 0x10, 0x00 },
        { 0x07, 0xff, 0xf3, 0x00, 0x7f, 0xff, 0x80, 0x00 },
        { 0x07, 0xff, 0xf3, 0x00, 0x0d, 0xff, 0xe2, 0x00 },
        { 0x07, 0xff, 0xf3, 0x00, 0x06, 0xff, 0xfa, 0x00 },
        { 0x07, 0xff, 0xf3, 0x00, 0x00, 0xdf, 0xfe, 0x30 },
        { 0x07, 0xff, 0xf3, 0x00, 0x00, 0x6f, 0xff, 0xb0 },
        { 0x07, 0xff, 0xf3, 0x00, 0x00, 0x0c, 0xff, 0xf4 },
        { 0x00, 0x00, 0x00, 0x00, 0x00, 0x00, 0x00, 0x00 },
        { 0x00, 0x00, 0x00, 0x00, 0x00, 0x00, 0x00, 0x00 },
        { 0x00, 0x00, 0x00, 0x00, 0x00, 0x00, 0x00, 0x00 },
        { 0x00, 0x00, 0x00, 0x00, 0x00, 0x00, 0x00, 0x00 },
        { 0x00, 0x00, 0x00, 0x00, 0x00, 0x00, 0x00, 0x00 },
        { 0x00, 0x00, 0x00, 0x00, 0x00, 0x00, 0x00, 0x00 },
        { 0x00, 0x00, 0x00, 0x00, 0x00, 0x00, 0x00, 0x00 },
    },
    { /* L */
        { 0x00, 0x00, 0x00, 0x00, 0x00, 0x00, 0x00, 0x00 },
        { 0x00, 0x00, 0x00, 0x00, 0x00, 0x00, 0x00, 0x00 },
        { 0x00, 0x00, 0x00, 0x00, 0x00, 0x00, 0x00, 0x00 },
        { 0x00, 0x00, 0x00, 0x00, 0x00, 0x00, 0x00, 0x00 },
        { 0x00, 0x00, 0x00, 0x00, 0x00, 0x00, 0x00, 0x00 },
        { 0x00, 0x00, 0x00, 0x00, 0x00, 0x00, 0x00, 0x00 },
        { 0x00, 0x2f, 0xff, 0x90, 0x00, 0x00, 0x00, 0x00 },
        { 0x00, 0x2f, 0xff, 0x90, 0x00, 0x00, 0x00, 0x00 },
        { 0x00, 0x2f, 0xff, 0x90, 0x00, 0x00, 0x00, 0x00 },
        { 0x00, 0x2f, 0xff, 0x90, 0x00, 0x00, 0x00, 0x00 },
        { 0x00, 0x2f, 0xff, 0x90, 0x00, 0x00, 0x00, 0x00 },
        { 0x00, 0x2f, 0xff, 0x90, 0x00, 0x00, 0x00, 0x00 },
        { 0x00, 0x2f, 0xff, 0x90, 0x00, 0x00, 0x00, 0x00 },
        { 0x00, 0x2f, 0xff, 0x90, 0x00, 0x00, 0x00, 0x00 },
        { 0x00, 0x2f, 0xff, 0x90, 0x00, 0x00, 0x00, 0x00 },
        { 0x00, 0x2f, 0xff, 0x90, 0x00, 0x00, 0x00, 0x00 },
        { 0x00, 0x2f, 0xff, 0x90, 0x00, 0x00, 0x00, 0x00 },
        { 0x00, 0x2f, 0xff, 0x90, 0x00, 0x00, 0x00, 0x00 },
        { 0x00, 0x2f, 0xff, 0x90, 0x00, 0x00, 0x00, 0x00 },
        { 0x00, 0x2f, 0xff, 0x90, 0x00, 0x00, 0x00, 0x00 },
        { 0x00, 0x2f, 0xff, 0x90, 0x00, 0x00, 0x00, 0x00 },
        { 0x00, 0x2f, 0xff, 0x90, 0x00, 0x00, 0x00, 0x00 },
        { 0x00, 0x2f, 0xff, 0xff, 0xff, 0xff, 0xff, 0x90 },
        { 0x00, 0x2f, 0xff, 0xff, 0xff, 0xff, 0xff, 0x90 },
        { 0x00, 0x2f, 0xff, 0xff, 0xff, 0xff, 0xff, 0x90 },
        { 0x00, 0x00, 0x00, 0x00, 0x00, 0x00, 0x00, 0x00 },
        { 0x00, 0x00, 0x00, 0x00, 0x00, 0x00, 0x00, 0x00 },
        { 0x00, 0x00, 0x00, 0x00, 0x00, 0x00, 0x00, 0x00 },
        { 0x00, 0x00, 0x00, 0x00, 0x00, 0x00, 0x00, 0x00 },
        { 0x00, 0x00, 0x00, 0x00, 0x00, 0x00, 0x00, 0x00 },
        { 0x00, 0x00, 0x00, 0x00, 0x00, 0x00, 0x00, 0x00 },
        { 0x00, 0x00, 0x00, 0x00, 0x00, 0x00, 0x00, 0x00 },
    },
    { /* M */
        { 0x00, 0x00, 0x00, 0x00, 0x00, 0x00, 0x00, 0x00 },
        { 0x00, 0x00, 0x00, 0x00, 0x00, 0x00, 0x00, 0x00 },
        { 0x00, 0x00, 0x00, 0x00, 0x00, 0x00, 0x00, 0x00 },
        { 0x00, 0x00, 0x00, 0x00, 0x00, 0x00, 0x00, 0x00 },
        { 0x00, 0x00, 0x00, 0x00, 0x00, 0x00, 0x00, 0x00 },
        { 0x00, 0x00, 0x00, 0x00, 0x00, 0x00, 0x00, 0x00 },
        { 0x0d, 0xff, 0xfa, 0x00, 0x01, 0xef, 0xff, 0x80 },
        { 0x0d, 0xff, 0xfe, 0x00, 0x05, 0xff, 0xff, 0x80 },
        { 0x0d, 0xff, 0xff, 0x30, 0x09, 0xff, 0xff, 0x80 },
        { 0x0d, 0xff, 0xef, 0x70, 0x0d, 0xfe, 0xff, 0x80 },
        { 0x0d, 0xff, 0xcf, 0xb0, 0x2f, 0xfc, 0xff, 0x80 },
        { 0x0d, 0xff, 0x8f, 0xe1, 0x6f, 0xd9, 0xff, 0x80 },
        { 0x0d, 0xff, 0x5e, 0xf5, 0xaf, 0xa9, 0xff, 0x80 },
        { 0x0d, 0xff, 0x4b, 0xf9, 0xef, 0x69, 0xff, 0x80 },
        { 0x0d, 0xff, 0x47, 0xfe, 0xff, 0x29, 0xff, 0x80 },
        { 0x0d, 0xff, 0x44, 0xff, 0xfe, 0x09, 0xff, 0x80 },
        { 0x0d, 0xff, 0x40, 0xef, 0xfa, 0x09, 0xff, 0x80 },
        { 0x0d, 0xff, 0x40, 0xbf, 0xf6, 0x09, 0xff, 0x80 },
        { 0x0d, 0xff, 0x40, 0x00, 0x00, 0x09, 0xff, 0x80 },
        { 0x0d, 0xff, 0x40, 0x00, 0x00, 0x09, 0xff, 0x80 },
        { 0x0d, 0xff, 0x40, 0x00, 0x00, 0x09, 0xff, 0x80 },
        { 0x0d, 0xff, 0x40, 0x00, 0x00, 0x09, 0xff, 0x80 },
        { 0x0d, 0xff, 0x40, 0x00, 0x00, 0x09, 0xff, 0x80 },
        { 0x0d, 0xff, 0x40, 0x00, 0x00, 0x09, 0xff, 0x80 },
        { 0x0d, 0xff, 0x40, 0x00, 0x00, 0x09, 0xff, 0x80 },
        { 0x00, 0x00, 0x00, 0x00, 0x00, 0x00, 0x00, 0x00 },
        { 0x00, 0x00, 0x00, 0x00, 0x00, 0x00, 0x00, 0x00 },
        { 0x00, 0x00, 0x00, 0x00, 0x00, 0x00, 0x00, 0x00 },
        { 0x00, 0x00, 0x00, 0x00, 0x00, 0x00, 0x00, 0x00 },
        { 0x00, 0x00, 0x00, 0x00, 0x00, 0x00, 0x00, 0x00 },
        { 0x00, 0x00, 0x00, 0x00, 0x00, 0x00, 0x00, 0x00 },
        { 0x00, 0x00, 0x00, 0x00, 0x00, 0x00, 0x00, 0x00 },
    },
    { /* N */
        { 0x00, 0x00, 0x00, 0x00, 0x00, 0x00, 0x00, 0x00 },
        { 0x00, 0x00, 0x00, 0x00, 0x00, 0x00, 0x00, 0x00 },
        { 0x00, 0x00, 0x00, 0x00, 0x00, 0x00, 0x00, 0x00 },
        { 0x00, 0x00, 0x00, 0x00, 0x00, 0x00, 0x00, 0x00 },
        { 0x00, 0x00, 0x00, 0x00, 0x00, 0x00, 0x00, 0x00 },
        { 0x00, 0x00, 0x00, 0x00, 0x00, 0x00, 0x00, 0x00 },
        { 0x07, 0xff, 0xfa, 0x00, 0x00, 0x2f, 0xff, 0x10 },
        { 0x07, 0xff, 0xfe, 0x10, 0x00, 0x2f, 0xff, 0x10 },
        { 0x07, 0xff, 0xff, 0x70, 0x00, 0x2f, 0xff, 0x10 },
        { 0x07, 0xff, 0xff, 0xc0, 0x00, 0x2f, 0xff, 0x10 },
        { 0x07, 0xff, 0xff, 0xf3, 0x00, 0x2f, 0xff, 0x10 },
        { 0x07, 0xff, 0xde, 0xf9, 0x00, 0x2f, 0xff, 0x10 },
        { 0x07, 0xff, 0xca, 0xfe, 0x00, 0x2f, 0xff, 0x10 },
        { 0x07, 0xff, 0xc4, 0xff, 0x60, 0x2f, 0xff, 0x10 },
        { 0x07, 0xff, 0xc0, 0xdf, 0xb0, 0x2f, 0xff, 0x10 },
        { 0x07, 0xff, 0xc0, 0x8f, 0xf2, 0x2f, 0xff, 0x10 },
        { 0x07, 0xff, 0xc0, 0x2f, 0xf8, 0x2f, 0xff, 0x10 },
        { 0x07, 0xff, 0xc0, 0x0b, 0xfd, 0x3f, 0xff, 0x10 },
        { 0x07, 0xff, 0xc0, 0x05, 0xff, 0x7f, 0xff, 0x10 },
        { 0x07, 0xff, 0xc0, 0x00, 0xef, 0xdf, 0xff, 0x10 },
        { 0x07, 0xff, 0xc0, 0x00, 0x9f, 0xff, 0xff, 0x10 },
        { 0x07, 0xff, 0xc0, 0x00, 0x3f, 0xff, 0xff, 0x10 },
        { 0x07, 0xff, 0xc0, 0x00, 0x0c, 0xff, 0xff, 0x10 },
        { 0x07, 0xff, 0xc0, 0x00, 0x06, 0xff, 0xff, 0x10 },
        { 0x07, 0xff, 0xc0, 0x00, 0x01, 0xef, 0xff, 0x10 },
        { 0x00, 0x00, 0x00, 0x00, 0x00, 0x00, 0x00, 0x00 },
        { 0x00, 0x00, 0x00, 0x00, 0x00, 0x00, 0x00, 0x00 },
        { 0x00, 0x00, 0x00, 0x00, 0x00, 0x00, 0x00, 0x00 },
        { 0x00, 0x00, 0x00, 0x00, 0x00, 0x00, 0x00, 0x00 },
        { 0x00, 0x00, 0x00, 0x00, 0x00, 0x00, 0x00, 0x00 },
        { 0x00, 0x00, 0x00, 0x00, 0x00, 0x00, 0x00, 0x00 },
        { 0x00, 0x00, 0x00, 0x00, 0x00, 0x00, 0x00, 0x00 },
    },
    { /* O */
        { 0x00, 0x00, 0x00, 0x00, 0x00, 0x00, 0x00, 0x00 },
        { 0x00, 0x00, 0x00, 0x00, 0x00, 0x00, 0x00, 0x00 },
        { 0x00, 0x00, 0x00, 0x00, 0x00, 0x00, 0x00, 0x00 },
        { 0x00, 0x00, 0x00, 0x00, 0x00, 0x00, 0x00, 0x00 },
        { 0x00, 0x00, 0x00, 0x00, 0x00, 0x00, 0x00, 0x00 },
        { 0x00, 0x00, 0x00, 0x00, 0x00, 0x00, 0x00, 0x00 },
        { 0x00, 0x00, 0x28, 0xce, 0xeb, 0x60, 0x00, 0x00 },
        { 0x00, 0x05, 0xef, 0xff, 0xff, 0xfc, 0x10, 0x00 },
        { 0x00, 0x3e, 0xff, 0xff, 0xff, 0xff, 0xc0, 0x00 },
        { 0x00, 0xbf, 0xff, 0x70, 0x2b, 0xff, 0xf5, 0x00 },
        { 0x01, 0xff, 0xfb, 0x00, 0x02, 0xef, 0xfb, 0x00 },
        { 0x06, 0xff, 0xf6, 0x00, 0x00, 0xbf, 0xfe, 0x10 },
        { 0x09, 0xff, 0xf3, 0x00, 0x00, 0x8f, 0xff, 0x30 },
        { 0x0b, 0xff, 0xf2, 0x00, 0x00, 0x7f, 0xff, 0x50 },
        { 0x0b, 0xff, 0xf1, 0x00, 0x00, 0x6f, 0xff, 0x60 },
        { 0x0c, 0xff, 0xf1, 0x00, 0x00, 0x6f, 0xff, 0x70 },
        { 0x0b, 0xff, 0xf1, 0x00, 0x00, 0x6f, 0xff, 0x60 },
        { 0x0b, 0xff, 0xf2, 0x00, 0x00, 0x7f, 0xff, 0x50 },
        { 0x09, 0xff, 0xf3, 0x00, 0x00, 0x8f, 0xff, 0x30 },
        { 0x06, 0xff, 0xf6, 0x00, 0x00, 0xbf, 0xfe, 0x10 },
        { 0x01, 0xff, 0xfb, 0x00, 0x01, 0xef, 0xfb, 0x00 },
        { 0x00, 0xbf, 0xff, 0x70, 0x2b, 0xff, 0xf5, 0x00 },
        { 0x00, 0x3e, 0xff, 0xff, 0xff, 0xff, 0xc0, 0x00 },
        { 0x00, 0x05, 0xef, 0xff, 0xff, 0xfc, 0x10, 0x00 },
        { 0x00, 0x00, 0x28, 0xde, 0xeb, 0x60, 0x00, 0x00 },
        { 0x00, 0x00, 0x00, 0x00, 0x00, 0x00, 0x00, 0x00 },
        { 0x00, 0x00, 0x00, 0x00, 0x00, 0x00, 0x00, 0x00 },
        { 0x00, 0x00, 0x00, 0x00, 0x00, 0x00, 0x00, 0x00 },
        { 0x00, 0x00, 0x00, 0x00, 0x00, 0x00, 0x00, 0x00 },
        { 0x00, 0x00, 0x00, 0x00, 0x00, 0x00, 0x00, 0x00 },
        { 0x00, 0x00, 0x00, 0x00, 0x00, 0x00, 0x00, 0x00 },
        { 0x00, 0x00, 0x00, 0x00, 0x00, 0x00, 0x00, 0x00 },
    },
    { /* P */
        { 0x00, 0x00, 0x00, 0x00, 0x00, 0x00, 0x00, 0x00 },
        { 0x00, 0x00, 0x00, 0x00, 0x00, 0x00, 0x00, 0x00 },
        { 0x00, 0x00, 0x00, 0x00, 0x00, 0x00, 0x00, 0x00 },
        { 0x00, 0x00, 0x00, 0x00, 0x00, 0x00, 0x00, 0x00 },
        { 0x00, 0x00, 0x00, 0x00, 0x00, 0x00, 0x00, 0x00 },
        { 0x00, 0x00, 0x00, 0x00, 0x00, 0x00, 0x00, 0x00 },
        { 0x00, 0xef, 0xff, 0xfe, 0xec, 0x94, 0x00, 0x00 },
        { 0x00, 0xef, 0xff, 0xff, 0xff, 0xff, 0xb1, 0x00 },
        { 0x00, 0xef, 0xff, 0xff, 0xff, 0xff, 0xfa, 0x00 },
        { 0x00, 0xef, 0xfc, 0x00, 0x16, 0xef, 0xff, 0x20 },
        { 0x00, 0xef, 0xfc, 0x00, 0x00, 0x9f, 0xff, 0x60 },
        { 0x00, 0xef, 0xfc, 0x00, 0x00, 0x5f, 0xff, 0x70 },
        { 0x00, 0xef, 0xfc, 0x00, 0x00, 0x6f, 0xff, 0x70 },
        { 0x00, 0xef, 0xfc, 0x00, 0x00, 0x9f, 0xff, 0x60 },
        { 0x00, 0xef, 0xfc, 0x00, 0x16, 0xef, 0xff, 0x20 },
        { 0x00, 0xef, 0xff, 0xff, 0xff, 0xff, 0xfa, 0x00 },
        { 0x00, 0xef, 0xff, 0xff, 0xff, 0xff, 0xb1, 0x00 },
        { 0x00, 0xef, 0xff, 0xfe, 0xec, 0x94, 0x00, 0x00 },
        { 0x00, 0xef, 0xfc, 0x00, 0x00, 0x00, 0x00, 0x00 },
        { 0x00, 0xef, 0xfc, 0x00, 0x00, 0x00, 0x00, 0x00 },
        { 0x00, 0xef, 0xfc, 0x00, 0x00, 0x00, 0x00, 0x00 },
        { 0x00, 0xef, 0xfc, 0x00, 0x00, 0x00, 0x00, 0x00 },
        { 0x00, 0xef, 0xfc, 0x00, 0x00, 0x00, 0x00, 0x00 },
        { 0x00, 0xef, 0xfc, 0x00, 0x00, 0x00, 0x00, 0x00 },
        { 0x00, 0xef, 0xfc, 0x00, 0x00, 0x00, 0x00, 0x00 },
        { 0x00, 0x00, 0x00, 0x00, 0x00, 0x00, 0x00, 0x00 },
        { 0x00, 0x00, 0x00, 0x00, 0x00, 0x00, 0x00, 0x00 },
        { 0x00, 0x00, 0x00, 0x00, 0x00, 0x00, 0x00, 0x00 },
        { 0x00, 0x00, 0x00, 0x00, 0x00, 0x00, 0x00, 0x00 },
        { 0x00, 0x00, 0x00, 0x00, 0x00, 0x00, 0x00, 0x00 },
        { 0x00, 0x00, 0x00, 0x00, 0x00, 0x00, 0x00, 0x00 },
        { 0x00, 0x00, 0x00, 0x00, 0x00, 0x00, 0x00, 0x00 },
    },
    { /* Q */
        { 0x00, 0x00, 0x00, 0x00, 0x00, 0x00, 0x00, 0x00 },
        { 0x00, 0x00, 0x00, 0x00, 0x00, 0x00, 0x00, 0x00 },
        { 0x00, 0x00, 0x00, 0x00, 0x00, 0x00, 0x00, 0x00 },
        { 0x00, 0x00, 0x00, 0x00, 0x00, 0x00, 0x00, 0x00 },
        { 0x00, 0x00, 0x00, 0x00, 0x00, 0x00, 0x00, 0x00 },
        { 0x00, 0x00, 0x00, 0x00, 0x00, 0x00, 0x00, 0x00 },
        { 0x00, 0x00, 0x28, 0xce, 0xeb, 0x60, 0x00, 0x00 },
        { 0x00, 0x05, 0xef, 0xff, 0xff, 0xfc, 0x10, 0x00 },
        { 0x00, 0x3e, 0xff, 0xff, 0xff, 0xff, 0xc0, 0x00 },
        { 0x00, 0xbf, 0xff, 0x70, 0x2b, 0xff, 0xf5, 0x00 },
        { 0x01, 0xff, 0xfb, 0x00, 0x02, 0xef, 0xfb, 0x00 },
        { 0x06, 0xff, 0xf6, 0x00, 0x00, 0xbf, 0xfe, 0x10 },
        { 0x09, 0xff, 0xf3, 0x00, 0x00, 0x8f, 0xff, 0x30 },
        { 0x0b, 0xff, 0xf2, 0x00, 0x00, 0x7f, 0xff, 0x50 },
        { 0x0b, 0xff, 0xf1, 0x00, 0x00, 0x6f, 0xff, 0x60 },
        { 0x0c, 0xff, 0xf1, 0x00, 0x00, 0x6f, 0xff, 0x70 },
        { 0x0b, 0xff, 0xf1, 0x00, 0x00, 0x6f, 0xff, 0x60 },
        { 0x0b, 0xff, 0xf2, 0x00, 0x00, 0x7f, 0xff, 0x50 },
        { 0x09, 0xff, 0xf3, 0x00, 0x00, 0x8f, 0xff, 0x40 },
        { 0x06, 0xff, 0xf6, 0x00, 0x00, 0xbf, 0xff, 0x10 },
        { 0x01, 0xff, 0xfb, 0x00, 0x01, 0xef, 0xfc, 0x00 },
        { 0x00, 0xbf, 0xff, 0x70, 0x2b, 0xff, 0xf6, 0x00 },
        { 0x00, 0x3e, 0xff, 0xff, 0xff, 0xff, 0xd0, 0x00 },
        { 0x00, 0x05, 0xef, 0xff, 0xff, 0xfd, 0x20, 0x00 },
        { 0x00, 0x00, 0x28, 0xde, 0xff, 0xfb, 0x00, 0x00 },
        { 0x00, 0x00, 0x00, 0x00, 0x3e, 0xff, 0xc1, 0x00 },
        { 0x00, 0x00, 0x00, 0x00, 0x04, 0xef, 0xe4, 0x00 },
        { 0x00, 0x00, 0x00, 0x00, 0x00, 0x4b, 0x10, 0x00 },
        { 0x00, 0x00, 0x00, 0x00, 0x00, 0x00, 0x00, 0x00 },
        { 0x00, 0x00, 0x00, 0x00, 0x00, 0x00, 0x00, 0x00 },
        { 0x00, 0x00, 0x00, 0x00, 0x00, 0x00, 0x00, 0x00 },
        { 0x00, 0x00, 0x00, 0x00, 0x00, 0x00, 0x00, 0x00 },
    },
    { /* R */
        { 0x00, 0x00, 0x00, 0x00, 0x00, 0x00, 0x00, 0x00 },
        { 0x00, 0x00, 0x00, 0x00, 0x00, 0x00, 0x00, 0x00 },
        { 0x00, 0x00, 0x00, 0x00, 0x00, 0x00, 0x00, 0x00 },
        { 0x00, 0x00, 0x00, 0x00, 0x00, 0x00, 0x00, 0x00 },
        { 0x00, 0x00, 0x00, 0x00, 0x00, 0x00, 0x00, 0x00 },
        { 0x00, 0x00, 0x00, 0x00, 0x00, 0x00, 0x00, 0x00 },
        { 0x04, 0xff, 0xff, 0xfe, 0xec, 0x83, 0x00, 0x00 },
        { 0x04, 0xff, 0xff, 0xff, 0xff, 0xff, 0x80, 0x00 },
        { 0x04, 0xff, 0xff, 0xff, 0xff, 0xff, 0xf4, 0x00 },
        { 0x04, 0xff, 0xf6, 0x00, 0x2b, 0xff, 0xfa, 0x00 },
        { 0x04, 0xff, 0xf6, 0x00, 0x01, 0xff, 0xfd, 0x00 },
        { 0x04, 0xff, 0xf6, 0x00, 0x00, 0xef, 0xfd, 0x00 },
        { 0x04, 0xff, 0xf6, 0x00, 0x01, 0xff, 0xfb, 0x00 },
        { 0x04, 0xff, 0xf6, 0x00, 0x2b, 0xff, 0xf6, 0x00 },
        { 0x04, 0xff, 0xff, 0xff, 0xff, 0xff, 0x90, 0x00 },
        { 0x04, 0xff, 0xff, 0xff, 0xff, 0xc3, 0x00, 0x00 },
        { 0x04, 0xff, 0xff, 0xff, 0xff, 0xf7, 0x00, 0x00 },
        { 0x04, 0xff, 0xf6, 0x04, 0xef, 0xfe, 0x10, 0x00 },
        { 0x04, 0xff, 0xf6, 0x00, 0x6f, 0xff, 0x80, 0x00 },
        { 0x04, 0xff, 0xf6, 0x00, 0x0d, 0xff, 0xe1, 0x00 },
        { 0x04, 0xff, 0xf6, 0x00, 0x07, 0xff, 0xf7, 0x00 },
        { 0x04, 0xff, 0xf6, 0x00, 0x01, 0xef, 0xfe, 0x00 },
        { 0x04, 0xff, 0xf6, 0x00, 0x00, 0x8f, 0xff, 0x70 },
        { 0x04, 0xff, 0xf6, 0x00, 0x00, 0x2e, 0xff, 0xd0 },
        { 0x04, 0xff, 0xf6, 0x00, 0x00, 0x0a, 0xff, 0xf6 },
        { 0x00, 0x00, 0x00, 0x00, 0x00, 0x00, 0x00, 0x00 },
        { 0x00, 0x00, 0x00, 0x00, 0x00, 0x00, 0x00, 0x00 },
        { 0x00, 0x00, 0x00, 0x00, 0x00, 0x00, 0x00, 0x00 },
        { 0x00, 0x00, 0x00, 0x00, 0x00, 0x00, 0x00, 0x00 },
        { 0x00, 0x00, 0x00, 0x00, 0x00, 0x00, 0x00, 0x00 },
        { 0x00, 0x00, 0x00, 0x00, 0x00, 0x00, 0x00, 0x00 },
        { 0x00, 0x00, 0x00, 0x00, 0x00, 0x00, 0x00, 0x00 },
    },
    { /* S */
        { 0x00, 0x00, 0x00, 0x00, 0x00, 0x00, 0x00, 0x00 },
        { 0x00, 0x00, 0x00, 0x00, 0x00, 0x00, 0x00, 0x00 },
        { 0x00, 0x00, 0x00, 0x00, 0x00, 0x00, 0x00, 0x00 },
        { 0x00, 0x00, 0x00, 0x00, 0x00, 0x00, 0x00, 0x00 },
        { 0x00, 0x00, 0x00, 0x00, 0x00, 0x00, 0x00, 0x00 },
        { 0x00, 0x00, 0x00, 0x00, 0x00, 0x00, 0x00, 0x00 },
        { 0x00, 0x00, 0x4a, 0xde, 0xec, 0xa6, 0x20, 0x00 },
        { 0x00, 0x0a, 0xff, 0xff, 0xff, 0xff, 0xf0, 0x00 },
        { 0x00, 0x8f, 0xff, 0xff, 0xff, 0xff, 0xf0, 0x00 },
        { 0x00, 0xef, 0xfe, 0x51, 0x02, 0x7d, 0xf0, 0x00 },
        { 0x04, 0xff, 0xf6, 0x00, 0x00, 0x00, 0x90, 0x00 },
        { 0x04, 0xff, 0xf5, 0x00, 0x00, 0x00, 0x00, 0x00 },
        { 0x03, 0xff, 0xfc, 0x10, 0x00, 0x00, 0x00, 0x00 },
        { 0x00, 0xdf, 0xff, 0xe8, 0x30, 0x00, 0x00, 0x00 },
        { 0x00, 0x4e, 0xff, 0xff, 0xfc, 0x60, 0x00, 0x00 },
        { 0x00, 0x04, 0xcf, 0xff, 0xff, 0xfd, 0x30, 0x00 },
        { 0x00, 0x00, 0x05, 0xbe, 0xff, 0xff, 0xe2, 0x00 },
        { 0x00, 0x00, 0x00, 0x01, 0x7e, 0xff, 0xfa, 0x00 },
        { 0x00, 0x00, 0x00, 0x00, 0x02, 0xef, 0xfe, 0x00 },
        { 0x00, 0x00, 0x00, 0x00, 0x00, 0xbf, 0xff, 0x10 },
        { 0x03, 0x70, 0x00, 0x00, 0x00, 0xdf, 0xfe, 0x00 },
        { 0x04, 0xfe, 0x83, 0x10, 0x29, 0xff, 0xfc, 0x00 },
        { 0x04, 0xff, 0xff, 0xff, 0xff, 0xff, 0xf5, 0x00 },
        { 0x04, 0xff, 0xff, 0xff, 0xff, 0xfe, 0x70, 0x00 },
        { 0x00, 0x37, 0xbc, 0xee, 0xec, 0x82, 0x00, 0x00 },
        { 0x00, 0x00, 0x00, 0x00, 0x00, 0x00, 0x00, 0x00 },
        { 0x00, 0x00, 0x00, 0x00, 0x00, 0x00, 0x00, 0x00 },
        { 0x00, 0x00, 0x00, 0x00, 0x00, 0x00, 0x00, 0x00 },
        { 0x00, 0x00, 0x00, 0x00, 0x00, 0x00, 0x00, 0x00 },
        { 0x00, 0x00, 0x00, 0x00, 0x00, 0x00, 0x00, 0x00 },
        { 0x00, 0x00, 0x00, 0x00, 0x00, 0x00, 0x00, 0x00 },
        { 0x00, 0x00, 0x00, 0x00, 0x00, 0x00, 0x00, 0x00 },
    },
    { /* T */
        { 0x00, 0x00, 0x00, 0x00, 0x00, 0x00, 0x00, 0x00 },
        { 0x00, 0x00, 0x00, 0x00, 0x00, 0x00, 0x00, 0x00 },
        { 0x00, 0x00, 0x00, 0x00, 0x00, 0x00, 0x00, 0x00 },
        { 0x00, 0x00, 0x00, 0x00, 0x00, 0x00, 0x00, 0x00 },
        { 0x00, 0x00, 0x00, 0x00, 0x00, 0x00, 0x00, 0x00 },
        { 0x00, 0x00, 0x00, 0x00, 0x00, 0x00, 0x00, 0x00 },
        { 0x0c, 0xff, 0xff, 0xff, 0xff, 0xff, 0xff, 0x70 },
        { 0x0c, 0xff, 0xff, 0xff, 0xff, 0xff, 0xff, 0x70 },
        { 0x0c, 0xff, 0xff, 0xff, 0xff, 0xff, 0xff, 0x70 },
        { 0x00, 0x00, 0x00, 0xff, 0xfa, 0x00, 0x00, 0x00 },
        { 0x00, 0x00, 0x00, 0xff, 0xfa, 0x00, 0x00, 0x00 },
        { 0x00, 0x00, 0x00, 0xff, 0xfa, 0x00, 0x00, 0x00 },
        { 0x00, 0x00, 0x00, 0xff, 0xfa, 0x00, 0x00, 0x00 },
        { 0x00, 0x00, 0x00, 0xff, 0xfa, 0x00, 0x00, 0x00 },
        { 0x00, 0x00, 0x00, 0xff, 0xfa, 0x00, 0x00, 0x00 },
        { 0x00, 0x00, 0x00, 0xff, 0xfa, 0x00, 0x00, 0x00 },
        { 0x00, 0x00, 0x00, 0xff, 0xfa, 0x00, 0x00, 0x00 },
        { 0x00, 0x00, 0x00, 0xff, 0xfa, 0x00, 0x00, 0x00 },
        { 0x00, 0x00, 0x00, 0xff, 0xfa, 0x00, 0x00, 0x00 },
        { 0x00, 0x00, 0x00, 0xff, 0xfa, 0x00, 0x00, 0x00 },
        { 0x00, 0x00, 0x00, 0xff, 0xfa, 0x00, 0x00, 0x00 },
        { 0x00, 0x00, 0x00, 0xff, 0xfa, 0x00, 0x00, 0x00 },
        { 0x00, 0x00, 0x00, 0xff, 0xfa, 0x00, 0x00, 0x00 },
        { 0x00, 0x00, 0x00, 0xff, 0xfa, 0x00, 0x00, 0x00 },
        { 0x00, 0x00, 0x00, 0xff, 0xfa, 0x00, 0x00, 0x00 },
        { 0x00, 0x00, 0x00, 0x00, 0x00, 0x00, 0x00, 0x00 },
        { 0x00, 0x00, 0x00, 0x00, 0x00, 0x00, 0x00, 0x00 },
        { 0x00, 0x00, 0x00, 0x00, 0x00, 0x00, 0x00, 0x00 },
        { 0x00, 0x00, 0x00, 0x00, 0x00, 0x00, 0x00, 0x00 },
        { 0x00, 0x00, 0x00, 0x00, 0x00, 0x00, 0x00, 0x00 },
        { 0x00, 0x00, 0x00, 0x00, 0x00, 0x00, 0x00, 0x00 },
        { 0x00, 0x00, 0x00, 0x00, 0x00, 0x00, 0x00, 0x00 },
    },
    { /* U */
        { 0x00, 0x00, 0x00, 0x00, 0x00, 0x00, 0x00, 0x00 },
        { 0x00, 0x00, 0x00, 0x00, 0x00, 0x00, 0x00, 0x00 },
        { 0x00, 0x00, 0x00, 0x00, 0x00, 0x00, 0x00, 0x00 },
        { 0x00, 0x00, 0x00, 0x00, 0x00, 0x00, 0x00, 0x00 },
        { 0x00, 0x00, 0x00, 0x00, 0x00, 0x00, 0x00, 0x00 },
        { 0x00, 0x00, 0x00, 0x00, 0x00, 0x00, 0x00, 0x00 },
        { 0x09, 0xff, 0xf1, 0x00, 0x00, 0x6f, 0xff, 0x40 },
        { 0x09, 0xff, 0xf1, 0x00, 0x00, 0x6f, 0xff, 0x40 },
        { 0x09, 0xff, 0xf1, 0x00, 0x00, 0x6f, 0xff, 0x40 },
        { 0x09, 0xff, 0xf1, 0x00, 0x00, 0x6f, 0xff, 0x40 },
        { 0x09, 0xff, 0xf1, 0x00, 0x00, 0x6f, 0xff, 0x40 },
        { 0x09, 0xff, 0xf1, 0x00, 0x00, 0x6f, 0xff, 0x40 },
        { 0x09, 0xff, 0xf1, 0x00, 0x00, 0x6f, 0xff, 0x40 },
        { 0x09, 0xff, 0xf1, 0x00, 0x00, 0x6f, 0xff, 0x40 },
        { 0x09, 0xff, 0xf1, 0x00, 0x00, 0x6f, 0xff, 0x40 },
        { 0x09, 0xff, 0xf1, 0x00, 0x00, 0x6f, 0xff, 0x40 },
        { 0x09, 0xff, 0xf1, 0x00, 0x00, 0x6f, 0xff, 0x40 },
        { 0x09, 0xff, 0xf1, 0x00, 0x00, 0x6f, 0xff, 0x40 },
        { 0x09, 0xff, 0xf1, 0x00, 0x00, 0x6f, 0xff, 0x40 },
        { 0x08, 0xff, 0xf2, 0x00, 0x00, 0x8f, 0xff, 0x30 },
        { 0x06, 0xff, 0xf6, 0x00, 0x00, 0xcf, 0xfe, 0x00 },
        { 0x02, 0xff, 0xfe, 0x50, 0x19, 0xff, 0xfb, 0x00 },
        { 0x00, 0xaf, 0xff, 0xff, 0xff, 0xff, 0xf4, 0x00 },
        { 0x00, 0x1c, 0xff, 0xff, 0xff, 0xff, 0x80, 0x00 },
        { 0x00, 0x00, 0x6b, 0xde, 0xec, 0x93, 0x00, 0x00 },
        { 0x00, 0x00, 0x00, 0x00, 0x00, 0x00, 0x00, 0x00 },
        { 0x00, 0x00, 0x00, 0x00, 0x00, 0x00, 0x00, 0x00 },
        { 0x00, 0x00, 0x00, 0x00, 0x00, 0x00, 0x00, 0x00 },
        { 0x00, 0x00, 0x00, 0x00, 0x00, 0x00, 0x00, 0x00 },
        { 0x00, 0x00, 0x00, 0x00, 0x00, 0x00, 0x00, 0x00 },
        { 0x00, 0x00, 0x00, 0x00, 0x00, 0x00, 0x00, 0x00 },
        { 0x00, 0x00, 0x00, 0x00, 0x00, 0x00, 0x00, 0x00 },
    },
    { /* V */
        { 0x00, 0x00, 0x00, 0x00, 0x00, 0x00, 0x00, 0x00 },
        { 0x00, 0x00, 0x00, 0x00, 0x00, 0x00, 0x00, 0x00 },
        { 0x00, 0x00, 0x00, 0x00, 0x00, 0x00, 0x00, 0x00 },
        { 0x00, 0x00, 0x00, 0x00, 0x00, 0x00, 0x00, 0x00 },
        { 0x00, 0x00, 0x00, 0x00, 0x00, 0x00, 0x00, 0x00 },
        { 0x00, 0x00, 0x00, 0x00, 0x00, 0x00, 0x00, 0x00 },
        { 0x2f, 0xff, 0x90, 0x00, 0x00, 0x0e, 0xff, 0xc0 },
        { 0x0d, 0xff, 0xc0, 0x00, 0x00, 0x2f, 0xff, 0x80 },
        { 0x0a, 0xff, 0xe0, 0x00, 0x00, 0x5f, 0xff, 0x50 },
        { 0x06, 0xff, 0xf3, 0x00, 0x00, 0x8f, 0xff, 0x10 },
        { 0x03, 0xff, 0xf6, 0x00, 0x00, 0xbf, 0xfd, 0x00 },
        { 0x00, 0xef, 0xf9, 0x00, 0x00, 0xef, 0xf9, 0x00 },
        { 0x00, 0xbf, 0xfc, 0x00, 0x03, 0xff, 0xf5, 0x00 },
        { 0x00, 0x7f, 0xff, 0x10, 0x06, 0xff, 0xf2, 0x00 },
        { 0x00, 0x3f, 0xff, 0x40, 0x09, 0xff, 0xd0, 0x00 },
        { 0x00, 0x0e, 0xff, 0x70, 0x0c, 0xff, 0xa0, 0x00 },
        { 0x00, 0x0b, 0xff, 0xa0, 0x0e, 0xff, 0x60, 0x00 },
        { 0x00, 0x08, 0xff, 0xd0, 0x3f, 0xff, 0x30, 0x00 },
        { 0x00, 0x04, 0xff, 0xf1, 0x7f, 0xfe, 0x00, 0x00 },
        { 0x00, 0x01, 0xef, 0xf4, 0xaf, 0xfa, 0x00, 0x00 },
        { 0x00, 0x00, 0xcf, 0xf8, 0xdf, 0xf7, 0x00, 0x00 },
        { 0x00, 0x00, 0x9f, 0xfc, 0xff, 0xf3, 0x00, 0x00 },
        { 0x00, 0x00, 0x5f, 0xff, 0xff, 0xe0, 0x00, 0x00 },
        { 0x00, 0x00, 0x1f, 0xff, 0xff, 0xb0, 0x00, 0x00 },
        { 0x00, 0x00, 0x0d, 0xff, 0xff, 0x80, 0x00, 0x00 },
        { 0x00, 0x00, 0x00, 0x00, 0x00, 0x00, 0x00, 0x00 },
        { 0x00, 0x00, 0x00, 0x00, 0x00, 0x00, 0x00, 0x00 },
        { 0x00, 0x00, 0x00, 0x00, 0x00, 0x00, 0x00, 0x00 },
        { 0x00, 0x00, 0x00, 0x00, 0x00, 0x00, 0x00, 0x00 },
        { 0x00, 0x00, 0x00, 0x00, 0x00, 0x00, 0x00, 0x00 },
        { 0x00, 0x00, 0x00, 0x00, 0x00, 0x00, 0x00, 0x00 },
        { 0x00, 0x00, 0x00, 0x00, 0x00, 0x00, 0x00, 0x00 },
    },
    { /* W */
        { 0x00, 0x00, 0x00, 0x00, 0x00, 0x00, 0x00, 0x00 },
        { 0x00, 0x00, 0x00, 0x00, 0x00, 0x00, 0x00, 0x00 },
        { 0x00, 0x00, 0x00, 0x00, 0x00, 0x00, 0x00, 0x00 },
        { 0x00, 0x00, 0x00, 0x00, 0x00, 0x00, 0x00, 0x00 },
        { 0x00, 0x00, 0x00, 0x00, 0x00, 0x00, 0x00, 0x00 },
        { 0x00, 0x00, 0x00, 0x00, 0x00, 0x00, 0x00, 0x00 },
        { 0xef, 0xf4, 0x00, 0x00, 0x00, 0x00, 0xaf, 0xf8 },
        { 0xcf, 0xf6, 0x00, 0x00, 0x00, 0x00, 0xbf, 0xf7 },
        { 0xaf, 0xf7, 0x00, 0x00, 0x00, 0x00, 0xcf, 0xf5 },
        { 0x8f, 0xf9, 0x00, 0x00, 0x00, 0x00, 0xdf, 0xf3 },
        { 0x6f, 0xfa, 0x00, 0x00, 0x00, 0x00, 0xef, 0xf2 },
        { 0x4f, 0xfc, 0x00, 0xcf, 0xf7, 0x01, 0xff, 0xe0 },
        { 0x3f, 0xfd, 0x00, 0xef, 0xfa, 0x02, 0xff, 0xd0 },
        { 0x1f, 0xfe, 0x02, 0xff, 0xfd, 0x03, 0xff, 0xb0 },
        { 0x0e, 0xff, 0x15, 0xff, 0xff, 0x14, 0xff, 0xa0 },
        { 0x0c, 0xff, 0x38, 0xfc, 0xff, 0x45, 0xff, 0x80 },
        { 0x0a, 0xff, 0x4b, 0xf8, 0xdf, 0x86, 0xff, 0x60 },
        { 0x08, 0xff, 0x6d, 0xf4, 0x9f, 0xb8, 0xff, 0x40 },
        { 0x06, 0xff, 0x8f, 0xf1, 0x6f, 0xe9, 0xff, 0x30 },
        { 0x05, 0xff, 0xdf, 0xd0, 0x3f, 0xfd, 0xff, 0x10 },
        { 0x03, 0xff, 0xff, 0xa0, 0x0e, 0xff, 0xfe, 0x00 },
        { 0x01, 0xff, 0xff, 0x70, 0x0b, 0xff, 0xfd, 0x00 },
        { 0x00, 0xef, 0xff, 0x40, 0x08, 0xff, 0xfb, 0x00 },
        { 0x00, 0xcf, 0xff, 0x10, 0x05, 0xff, 0xf9, 0x00 },
        { 0x00, 0xaf, 0xfd, 0x00, 0x01, 0xff, 0xf7, 0x00 },
        { 0x00, 0x00, 0x00, 0x00, 0x00, 0x00, 0x00, 0x00 },
        { 0x00, 0x00, 0x00, 0x00, 0x00, 0x00, 0x00, 0x00 },
        { 0x00, 0x00, 0x00, 0x00, 0x00, 0x00, 0x00, 0x00 },
        { 0x00, 0x00, 0x00, 0x00, 0x00, 0x00, 0x00, 0x00 },
        { 0x00, 0x00, 0x00, 0x00, 0x00, 0x00, 0x00, 0x00 },
        { 0x00, 0x00, 0x00, 0x00, 0x00, 0x00, 0x00, 0x00 },
        { 0x00, 0x00, 0x00, 0x00, 0x00, 0x00, 0x00, 0x00 },
    },
    { /* X */
        { 0x00, 0x00, 0x00, 0x00, 0x00, 0x00, 0x00, 0x00 },
        { 0x00, 0x00, 0x00, 0x00, 0x00, 0x00, 0x00, 0x00 },
        { 0x00, 0x00, 0x00, 0x00, 0x00, 0x00, 0x00, 0x00 },
        { 0x00, 0x00, 0x00, 0x00, 0x00, 0x00, 0x00, 0x00 },
        { 0x00, 0x00, 0x00, 0x00, 0x00, 0x00, 0x00, 0x00 },
        { 0x00, 0x00, 0x00, 0x00, 0x00, 0x00, 0x00, 0x00 },
        { 0x3e, 0xff, 0x90, 0x00, 0x00, 0x1e, 0xff, 0xc0 },
        { 0x09, 0xff, 0xf3, 0x00, 0x00, 0x8f, 0xff, 0x40 },
        { 0x01, 0xef, 0xfb, 0x00, 0x02, 0xef, 0xfa, 0x00 },
        { 0x00, 0x7f, 0xff, 0x50, 0x0a, 0xff, 0xe2, 0x00 },
        { 0x00, 0x0d, 0xff, 0xd0, 0x4f, 0xff, 0x80, 0x00 },
        { 0x00, 0x04, 0xff, 0xf8, 0xcf, 0xfd, 0x10, 0x00 },
        { 0x00, 0x00, 0xbf, 0xff, 0xff, 0xf6, 0x00, 0x00 },
        { 0x00, 0x00, 0x2e, 0xff, 0xff, 0xc0, 0x00, 0x00 },
        { 0x00, 0x00, 0x08, 0xff, 0xff, 0x40, 0x00, 0x00 },
        { 0x00, 0x00, 0x03, 0xff, 0xfd, 0x00, 0x00, 0x00 },
        { 0x00, 0x00, 0x0b, 0xff, 0xff, 0x60, 0x00, 0x00 },
        { 0x00, 0x00, 0x5f, 0xff, 0xff, 0xe1, 0x00, 0x00 },
        { 0x00, 0x00, 0xdf, 0xfe, 0xff, 0xf8, 0x00, 0x00 },
        { 0x00, 0x07, 0xff, 0xf5, 0xaf, 0xfe, 0x20, 0x00 },
        { 0x00, 0x1e, 0xff, 0xb0, 0x2e, 0xff, 0xa0, 0x00 },
        { 0x00, 0x9f, 0xff, 0x30, 0x08, 0xff, 0xf4, 0x00 },
        { 0x03, 0xef, 0xf9, 0x00, 0x01, 0xdf, 0xfc, 0x00 },
        { 0x0b, 0xff, 0xe1, 0x00, 0x00, 0x6f, 0xff, 0x60 },
        { 0x5f, 0xff, 0x70, 0x00, 0x00, 0x0c, 0xff, 0xe1 },
        { 0x00, 0x00, 0x00, 0x00, 0x00, 0x00, 0x00, 0x00 },
        { 0x00, 0x00, 0x00, 0x00, 0x00, 0x00, 0x00, 0x00 },
        { 0x00, 0x00, 0x00, 0x00, 0x00, 0x00, 0x00, 0x00 },
        { 0x00, 0x00, 0x00, 0x00, 0x00, 0x00, 0x00, 0x00 },
        { 0x00, 0x00, 0x00, 0x00, 0x00, 0x00, 0x00, 0x00 },
        { 0x00, 0x00, 0x00, 0x00, 0x00, 0x00, 0x00, 0x00 },
        { 0x00, 0x00, 0x00, 0x00, 0x00, 0x00, 0x00, 0x00 },
    },
    { /* Y */
        { 0x00, 0x00, 0x00, 0x00, 0x00, 0x00, 0x00, 0x00 },
        { 0x00, 0x00, 0x00, 0x00, 0x00, 0x00, 0x00, 0x00 },
        { 0x00, 0x00, 0x00, 0x00, 0x00, 0x00, 0x00, 0x00 },
        { 0x00, 0x00, 0x00, 0x00, 0x00, 0x00, 0x00, 0x00 },
        { 0x00, 0x00, 0x00, 0x00, 0x00, 0x00, 0x00, 0x00 },
        { 0x00, 0x00, 0x00, 0x00, 0x00, 0x00, 0x00, 0x00 },
        { 0x9f, 0xff, 0x50, 0x00, 0x00, 0x0a, 0xff, 0xf4 },
        { 0x2e, 0xff, 0xc0, 0x00, 0x00, 0x3f, 0xff, 0xb0 },
        { 0x09, 0xff, 0xf5, 0x00, 0x00, 0xaf, 0xff, 0x40 },
        { 0x02, 0xef, 0xfc, 0x00, 0x02, 0xef, 0xfb, 0x00 },
        { 0x00, 0x9f, 0xff, 0x40, 0x09, 0xff, 0xf3, 0x00 },
        { 0x00, 0x1e, 0xff, 0xb0, 0x2e, 0xff, 0xb0, 0x00 },
        { 0x00, 0x08, 0xff, 0xf4, 0x9f, 0xff, 0x30, 0x00 },
        { 0x00, 0x01, 0xef, 0xfc, 0xef, 0xfb, 0x00, 0x00 },
        { 0x00, 0x00, 0x8f, 0xff, 0xff, 0xf3, 0x00, 0x00 },
        { 0x00, 0x00, 0x1e, 0xff, 0xff, 0xa0, 0x00, 0x00 },
        { 0x00, 0x00, 0x08, 0xff, 0xff, 0x30, 0x00, 0x00 },
        { 0x00, 0x00, 0x01, 0xff, 0xfb, 0x00, 0x00, 0x00 },
        { 0x00, 0x00, 0x00, 0xff, 0xfa, 0x00, 0x00, 0x00 },
        { 0x00, 0x00, 0x00, 0xff, 0xfa, 0x00, 0x00, 0x00 },
        { 0x00, 0x00, 0x00, 0xff, 0xfa, 0x00, 0x00, 0x00 },
        { 0x00, 0x00, 0x00, 0xff, 0xfa, 0x00, 0x00, 0x00 },
        { 0x00, 0x00, 0x00, 0xff, 0xfa, 0x00, 0x00, 0x00 },
        { 0x00, 0x00, 0x00, 0xff, 0xfa, 0x00, 0x00, 0x00 },
        { 0x00, 0x00, 0x00, 0xff, 0xfa, 0x00, 0x00, 0x00 },
        { 0x00, 0x00, 0x00, 0x00, 0x00, 0x00, 0x00, 0x00 },
        { 0x00, 0x00, 0x00, 0x00, 0x00, 0x00, 0x00, 0x00 },
        { 0x00, 0x00, 0x00, 0x00, 0x00, 0x00, 0x00, 0x00 },
        { 0x00, 0x00, 0x00, 0x00, 0x00, 0x00, 0x00, 0x00 },
        { 0x00, 0x00, 0x00, 0x00, 0x00, 0x00, 0x00, 0x00 },
        { 0x00, 0x00, 0x00, 0x00, 0x00, 0x00, 0x00, 0x00 },
        { 0x00, 0x00, 0x00, 0x00, 0x00, 0x00, 0x00, 0x00 },
    },
    { /* Z */
        { 0x00, 0x00, 0x00, 0x00, 0x00, 0x00, 0x00, 0x00 },
        { 0x00, 0x00, 0x00, 0x00, 0x00, 0x00, 0x00, 0x00 },
        { 0x00, 0x00, 0x00, 0x00, 0x00, 0x00, 0x00, 0x00 },
        { 0x00, 0x00, 0x00, 0x00, 0x00, 0x00, 0x00, 0x00 },
        { 0x00, 0x00, 0x00, 0x00, 0x00, 0x00, 0x00, 0x00 },
        { 0x00, 0x00, 0x00, 0x00, 0x00, 0x00, 0x00, 0x00 },
        { 0x04, 0xff, 0xff, 0xff, 0xff, 0xff, 0xff, 0x80 },
        { 0x04, 0xff, 0xff, 0xff, 0xff, 0xff, 0xff, 0x80 },
        { 0x04, 0xff, 0xff, 0xff, 0xff, 0xff, 0xff, 0x80 },
        { 0x00, 0x00, 0x00, 0x00, 0x05, 0xff, 0xff, 0x40 },
        { 0x00, 0x00, 0x00, 0x00, 0x1d, 0xff, 0xf9, 0x00 },
        { 0x00, 0x00, 0x00, 0x00, 0xaf, 0xff, 0xd1, 0x00 },
        { 0x00, 0x00, 0x00, 0x05, 0xff, 0xff, 0x40, 0x00 },
        { 0x00, 0x00, 0x00, 0x1d, 0xff, 0xf9, 0x00, 0x00 },
        { 0x00, 0x00, 0x00, 0xaf, 0xff, 0xd0, 0x00, 0x00 },
        { 0x00, 0x00, 0x05, 0xff, 0xfe, 0x30, 0x00, 0x00 },
        { 0x00, 0x00, 0x1d, 0xff, 0xf8, 0x00, 0x00, 0x00 },
        { 0x00, 0x00, 0xaf, 0xff, 0xc0, 0x00, 0x00, 0x00 },
        { 0x00, 0x05, 0xff, 0xfe, 0x20, 0x00, 0x00, 0x00 },
        { 0x00, 0x1d, 0xff, 0xf7, 0x00, 0x00, 0x00, 0x00 },
        { 0x00, 0xaf, 0xff, 0xb0, 0x00, 0x00, 0x00, 0x00 },
        { 0x04, 0xff, 0xfe, 0x20, 0x00, 0x00, 0x00, 0x00 },
        { 0x08, 0xff, 0xff, 0xff, 0xff, 0xff, 0xff, 0xb0 },
        { 0x08, 0xff, 0xff, 0xff, 0xff, 0xff, 0xff, 0xb0 },
        { 0x08, 0xff, 0xff, 0xff, 0xff, 0xff, 0xff, 0xb0 },
        { 0x00, 0x00, 0x00, 0x00, 0x00, 0x00, 0x00, 0x00 },
        { 0x00, 0x00, 0x00, 0x00, 0x00, 0x00, 0x00, 0x00 },
        { 0x00, 0x00, 0x00, 0x00, 0x00, 0x00, 0x00, 0x00 },
        { 0x00, 0x00, 0x00, 0x00, 0x00, 0x00, 0x00, 0x00 },
        { 0x00, 0x00, 0x00, 0x00, 0x00, 0x00, 0x00, 0x00 },
        { 0x00, 0x00, 0x00, 0x00, 0x00, 0x00, 0x00, 0x00 },
        { 0x00, 0x00, 0x00, 0x00, 0x00, 0x00, 0x00, 0x00 },
    },
    { /* [ */
        { 0x00, 0x00, 0x00, 0x00, 0x00, 0x00, 0x00, 0x00 },
        { 0x00, 0x00, 0x00, 0x00, 0x00, 0x00, 0x00, 0x00 },
        { 0x00, 0x00, 0x00, 0x00, 0x00, 0x00, 0x00, 0x00 },
        { 0x00, 0x00, 0x00, 0x00, 0x00, 0x00, 0x00, 0x00 },
        { 0x00, 0x00, 0x00, 0x00, 0x00, 0x00, 0x00, 0x00 },
        { 0x00, 0x00, 0x09, 0xff, 0xff, 0xfc, 0x00, 0x00 },
        { 0x00, 0x00, 0x09, 0xff, 0xff, 0xfc, 0x00, 0x00 },
        { 0x00, 0x00, 0x09, 0xff, 0xb0, 0x00, 0x00, 0x00 },
        { 0x00, 0x00, 0x09, 0xff, 0xb0, 0x00, 0x00, 0x00 },
        { 0x00, 0x00, 0x09, 0xff, 0xb0, 0x00, 0x00, 0x00 },
        { 0x00, 0x00, 0x09, 0xff, 0xb0, 0x00, 0x00, 0x00 },
        { 0x00, 0x00, 0x09, 0xff, 0xb0, 0x00, 0x00, 0x00 },
        { 0x00, 0x00, 0x09, 0xff, 0xb0, 0x00, 0x00, 0x00 },
        { 0x00, 0x00, 0x09, 0xff, 0xb0, 0x00, 0x00, 0x00 },
        { 0x00, 0x00, 0x09, 0xff, 0xb0, 0x00, 0x00, 0x00 },
        { 0x00, 0x00, 0x09, 0xff, 0xb0, 0x00, 0x00, 0x00 },
        { 0x00, 0x00, 0x09, 0xff, 0xb0, 0x00, 0x00, 0x00 },
        { 0x00, 0x00, 0x09, 0xff, 0xb0, 0x00, 0x00, 0x00 },
        { 0x00, 0x00, 0x09, 0xff, 0xb0, 0x00, 0x00, 0x00 },
        { 0x00, 0x00, 0x09, 0xff, 0xb0, 0x00, 0x00, 0x00 },
        { 0x00, 0x00, 0x09, 0xff, 0xb0, 0x00, 0x00, 0x00 },
        { 0x00, 0x00, 0x09, 0xff, 0xb0, 0x00, 0x00, 0x00 },
        { 0x00, 0x00, 0x09, 0xff, 0xb0, 0x00, 0x00, 0x00 },
        { 0x00, 0x00, 0x09, 0xff, 0xb0, 0x00, 0x00, 0x00 },
        { 0x00, 0x00, 0x09, 0xff, 0xb0, 0x00, 0x00, 0x00 },
        { 0x00, 0x00, 0x09, 0xff, 0xb0, 0x00, 0x00, 0x00 },
        { 0x00, 0x00, 0x09, 0xff, 0xff, 0xfc, 0x00, 0x00 },
        { 0x00, 0x00, 0x09, 0xff, 0xff, 0xfc, 0x00, 0x00 },
        { 0x00, 0x00, 0x00, 0x00, 0x00, 0x00, 0x00, 0x00 },
        { 0x00, 0x00, 0x00, 0x00, 0x00, 0x00, 0x00, 0x00 },
        { 0x00, 0x00, 0x00, 0x00, 0x00, 0x00, 0x00, 0x00 },
        { 0x00, 0x00, 0x00, 0x00, 0x00, 0x00, 0x00, 0x00 },
    },
    { /* \ */
        { 0x00, 0x00, 0x00, 0x00, 0x00, 0x00, 0x00, 0x00 },
        { 0x00, 0x00, 0x00, 0x00, 0x00, 0x00, 0x00, 0x00 },
        { 0x00, 0x00, 0x00, 0x00, 0x00, 0x00, 0x00, 0x00 },
        { 0x00, 0x00, 0x00, 0x00, 0x00, 0x00, 0x00, 0x00 },
        { 0x00, 0x00, 0x00, 0x00, 0x00, 0x00, 0x00, 0x00 },
        { 0x00, 0x00, 0x00, 0x00, 0x00, 0x00, 0x00, 0x00 },
        { 0x05, 0xff, 0x70, 0x00, 0x00, 0x00, 0x00, 0x00 },
        { 0x00, 0xdf, 0xd0, 0x00, 0x00, 0x00, 0x00, 0x00 },
        { 0x00, 0x6f, 0xf6, 0x00, 0x00, 0x00, 0x00, 0x00 },
        { 0x00, 0x0d, 0xfd, 0x00, 0x00, 0x00, 0x00, 0x00 },
        { 0x00, 0x06, 0xff, 0x50, 0x00, 0x00, 0x00, 0x00 },
        { 0x00, 0x00, 0xef, 0xc0, 0x00, 0x00, 0x00, 0x00 },
        { 0x00, 0x00, 0x7f, 0xf4, 0x00, 0x00, 0x00, 0x00 },
        { 0x00, 0x00, 0x1e, 0xfb, 0x00, 0x00, 0x00, 0x00 },
        { 0x00, 0x00, 0x08, 0xff, 0x40, 0x00, 0x00, 0x00 },
        { 0x00, 0x00, 0x01, 0xef, 0xb0, 0x00, 0x00, 0x00 },
        { 0x00, 0x00, 0x00, 0x9f, 0xf3, 0x00, 0x00, 0x00 },
        { 0x00, 0x00, 0x00, 0x2e, 0xfa, 0x00, 0x00, 0x00 },
        { 0x00, 0x00, 0x00, 0x09, 0xfe, 0x20, 0x00, 0x00 },
        { 0x00, 0x00, 0x00, 0x02, 0xff, 0x90, 0x00, 0x00 },
        { 0x00, 0x00, 0x00, 0x00, 0xaf, 0xe2, 0x00, 0x00 },
        { 0x00, 0x00, 0x00, 0x00, 0x3f, 0xf9, 0x00, 0x00 },
        { 0x00, 0x00, 0x00, 0x00, 0x0b, 0xfe, 0x10, 0x00 },
        { 0x00, 0x00, 0x00, 0x00, 0x04, 0xff, 0x80, 0x00 },
        { 0x00, 0x00, 0x00, 0x00, 0x00, 0xcf, 0xe1, 0x00 },
        { 0x00, 0x00, 0x00, 0x00, 0x00, 0x4f, 0xf7, 0x00 },
        { 0x00, 0x00, 0x00, 0x00, 0x00, 0x0c, 0xfe, 0x00 },
        { 0x00, 0x00, 0x00, 0x00, 0x00, 0x00, 0x00, 0x00 },
        { 0x00, 0x00, 0x00, 0x00, 0x00, 0x00, 0x00, 0x00 },
        { 0x00, 0x00, 0x00, 0x00, 0x00, 0x00, 0x00, 0x00 },
        { 0x00, 0x00, 0x00, 0x00, 0x00, 0x00, 0x00, 0x00 },
        { 0x00, 0x00, 0x00, 0x00, 0x00, 0x00, 0x00, 0x00 },
    },
    { /* ] */
        { 0x00, 0x00, 0x00, 0x00, 0x00, 0x00, 0x00, 0x00 },
        { 0x00, 0x00, 0x00, 0x00, 0x00, 0x00, 0x00, 0x00 },
        { 0x00, 0x00, 0x00, 0x00, 0x00, 0x00, 0x00, 0x00 },
        { 0x00, 0x00, 0x00, 0x00, 0x00, 0x00, 0x00, 0x00 },
        { 0x00, 0x00, 0x00, 0x00, 0x00, 0x00, 0x00, 0x00 },
        { 0x00, 0x02, 0xff, 0xff, 0xff, 0x40, 0x00, 0x00 },
        { 0x00, 0x02, 0xff, 0xff, 0xff, 0x40, 0x00, 0x00 },
        { 0x00, 0x00, 0x00, 0x1f, 0xff, 0x40, 0x00, 0x00 },
        { 0x00, 0x00, 0x00, 0x1f, 0xff, 0x40, 0x00, 0x00 },
        { 0x00, 0x00, 0x00, 0x1f, 0xff, 0x40, 0x00, 0x00 },
        { 0x00, 0x00, 0x00, 0x1f, 0xff, 0x40, 0x00, 0x00 },
        { 0x00, 0x00, 0x00, 0x1f, 0xff, 0x40, 0x00, 0x00 },
        { 0x00, 0x00, 0x00, 0x1f, 0xff, 0x40, 0x00, 0x00 },
        { 0x00, 0x00, 0x00, 0x1f, 0xff, 0x40, 0x00, 0x00 },
        { 0x00, 0x00, 0x00, 0x1f, 0xff, 0x40, 0x00, 0x00 },
        { 0x00, 0x00, 0x00, 0x1f, 0xff, 0x40, 0x00, 0x00 },
        { 0x00, 0x00, 0x00, 0x1f, 0xff, 0x40, 0x00, 0x00 },
        { 0x00, 0x00, 0x00, 0x1f, 0xff, 0x40, 0x00, 0x00 },
        { 0x00, 0x00, 0x00, 0x1f, 0xff, 0x40, 0x00, 0x00 },
        { 0x00, 0x00, 0x00, 0x1f, 0xff, 0x40, 0x00, 0x00 },
        { 0x00, 0x00, 0x00, 0x1f, 0xff, 0x40, 0x00, 0x00 },
        { 0x00, 0x00, 0x00, 0x1f, 0xff, 0x40, 0x00, 0x00 },
        { 0x00, 0x00, 0x00, 0x1f, 0xff, 0x40, 0x00, 0x00 },
        { 0x00, 0x00, 0x00, 0x1f, 0xff, 0x40, 0x00, 0x00 },
        { 0x00, 0x00, 0x00, 0x1f, 0xff, 0x40, 0x00, 0x00 },
        { 0x00, 0x00, 0x00, 0x1f, 0xff, 0x40, 0x00, 0x00 },
        { 0x00, 0x02, 0xff, 0xff, 0xff, 0x40, 0x00, 0x00 },
        { 0x00, 0x02, 0xff, 0xff, 0xff, 0x40, 0x00, 0x00 },
        { 0x00, 0x00, 0x00, 0x00, 0x00, 0x00, 0x00, 0x00 },
        { 0x00, 0x00, 0x00, 0x00, 0x00, 0x00, 0x00, 0x00 },
        { 0x00, 0x00, 0x00, 0x00, 0x00, 0x00, 0x00, 0x00 },
        { 0x00, 0x00, 0x00, 0x00, 0x00, 0x00, 0x00, 0x00 },
    },
    { /* ^ */
        { 0x00, 0x00, 0x00, 0x00, 0x00, 0x00, 0x00, 0x00 },
        { 0x00, 0x00, 0x00, 0x00, 0x00, 0x00, 0x00, 0x00 },
        { 0x00, 0x00, 0x00, 0x00, 0x00, 0x00, 0x00, 0x00 },
        { 0x00, 0x00, 0x00, 0x00, 0x00, 0x00, 0x00, 0x00 },
        { 0x00, 0x00, 0x00, 0x00, 0x00, 0x00, 0x00, 0x00 },
        { 0x00, 0x00, 0x00, 0x00, 0x00, 0x00, 0x00, 0x00 },
        { 0x00, 0x00, 0x02, 0xef, 0xfb, 0x00, 0x00, 0x00 },
        { 0x00, 0x00, 0x0c, 0xff, 0xff, 0x80, 0x00, 0x00 },
        { 0x00, 0x00, 0xaf, 0xff, 0xff, 0xf5, 0x00, 0x00 },
        { 0x00, 0x07, 0xff, 0xf8, 0xbf, 0xfe, 0x20, 0x00 },
        { 0x00, 0x4e, 0xff, 0x60, 0x0b, 0xff, 0xd1, 0x00 },
        { 0x02, 0xef, 0xe6, 0x00, 0x00, 0xaf, 0xfb, 0x00 },
        { 0x0c, 0xfe, 0x50, 0x00, 0x00, 0x09, 0xff, 0x80 },
        { 0x00, 0x00, 0x00, 0x00, 0x00, 0x00, 0x00, 0x00 },
        { 0x00, 0x00, 0x00, 0x00, 0x00, 0x00, 0x00, 0x00 },
        { 0x00, 0x00, 0x00, 0x00, 0x00, 0x00, 0x00, 0x00 },
        { 0x00, 0x00, 0x00, 0x00, 0x00, 0x00, 0x00, 0x00 },
        { 0x00, 0x00, 0x00, 0x00, 0x00, 0x00, 0x00, 0x00 },
        { 0x00, 0x00, 0x00, 0x00, 0x00, 0x00, 0x00, 0x00 },
        { 0x00, 0x00, 0x00, 0x00, 0x00, 0x00, 0x00, 0x00 },
        { 0x00, 0x00, 0x00, 0x00, 0x00, 0x00, 0x00, 0x00 },
        { 0x00, 0x00, 0x00, 0x00, 0x00, 0x00, 0x00, 0x00 },
        { 0x00, 0x00, 0x00, 0x00, 0x00, 0x00, 0x00, 0x00 },
        { 0x00, 0x00, 0x00, 0x00, 0x00, 0x00, 0x00, 0x00 },
        { 0x00, 0x00, 0x00, 0x00, 0x00, 0x00, 0x00, 0x00 },
        { 0x00, 0x00, 0x00, 0x00, 0x00, 0x00, 0x00, 0x00 },
        { 0x00, 0x00, 0x00, 0x00, 0x00, 0x00, 0x00, 0x00 },
        { 0x00, 0x00, 0x00, 0x00, 0x00, 0x00, 0x00, 0x00 },
        { 0x00, 0x00, 0x00, 0x00, 0x00, 0x00, 0x00, 0x00 },
        { 0x00, 0x00, 0x00, 0x00, 0x00, 0x00, 0x00, 0x00 },
        { 0x00, 0x00, 0x00, 0x00, 0x00, 0x00, 0x00, 0x00 },
        { 0x00, 0x00, 0x00, 0x00, 0x00, 0x00, 0x00, 0x00 },
    },
    { /* _ */
        { 0x00, 0x00, 0x00, 0x00, 0x00, 0x00, 0x00, 0x00 },
        { 0x00, 0x00, 0x00, 0x00, 0x00, 0x00, 0x00, 0x00 },
        { 0x00, 0x00, 0x00, 0x00, 0x00, 0x00, 0x00, 0x00 },
        { 0x00, 0x00, 0x00, 0x00, 0x00, 0x00, 0x00, 0x00 },
        { 0x00, 0x00, 0x00, 0x00, 0x00, 0x00, 0x00, 0x00 },
        { 0x00, 0x00, 0x00, 0x00, 0x00, 0x00, 0x00, 0x00 },
        { 0x00, 0x00, 0x00, 0x00, 0x00, 0x00, 0x00, 0x00 },
        { 0x00, 0x00, 0x00, 0x00, 0x00, 0x00, 0x00, 0x00 },
        { 0x00, 0x00, 0x00, 0x00, 0x00, 0x00, 0x00, 0x00 },
        { 0x00, 0x00, 0x00, 0x00, 0x00, 0x00, 0x00, 0x00 },
        { 0x00, 0x00, 0x00, 0x00, 0x00, 0x00, 0x00, 0x00 },
        { 0x00, 0x00, 0x00, 0x00, 0x00, 0x00, 0x00, 0x00 },
        { 0x00, 0x00, 0x00, 0x00, 0x00, 0x00, 0x00, 0x00 },
        { 0x00, 0x00, 0x00, 0x00, 0x00, 0x00, 0x00, 0x00 },
        { 0x00, 0x00, 0x00, 0x00, 0x00, 0x00, 0x00, 0x00 },
        { 0x00, 0x00, 0x00, 0x00, 0x00, 0x00, 0x00, 0x00 },
        { 0x00, 0x00, 0x00, 0x00, 0x00, 0x00, 0x00, 0x00 },
        { 0x00, 0x00, 0x00, 0x00, 0x00, 0x00, 0x00, 0x00 },
        { 0x00, 0x00, 0x00, 0x00, 0x00, 0x00, 0x00, 0x00 },
        { 0x00, 0x00, 0x00, 0x00, 0x00, 0x00, 0x00, 0x00 },
        { 0x00, 0x00, 0x00, 0x00, 0x00, 0x00, 0x00, 0x00 },
        { 0x00, 0x00, 0x00, 0x00, 0x00, 0x00, 0x00, 0x00 },
        { 0x00, 0x00, 0x00, 0x00, 0x00, 0x00, 0x00, 0x00 },
        { 0x00, 0x00, 0x00, 0x00, 0x00, 0x00, 0x00, 0x00 },
        { 0x00, 0x00, 0x00, 0x00, 0x00, 0x00, 0x00, 0x00 },
        { 0x00, 0x00, 0x00, 0x00, 0x00, 0x00, 0x00, 0x00 },
        { 0x00, 0x00, 0x00, 0x00, 0x00, 0x00, 0x00, 0x00 },
        { 0x00, 0x00, 0x00, 0x00, 0x00, 0x00, 0x00, 0x00 },
        { 0x00, 0x00, 0x00, 0x00, 0x00, 0x00, 0x00, 0x00 },
        { 0xff, 0xff, 0xff, 0xff, 0xff, 0xff, 0xff, 0xf9 },
        { 0xff, 0xff, 0xff, 0xff, 0xff, 0xff, 0xff, 0xf9 },
        { 0x00, 0x00, 0x00, 0x00, 0x00, 0x00, 0x00, 0x00 },
    },
    { /* ` */
        { 0x00, 0x00, 0x00, 0x00, 0x00, 0x00, 0x00, 0x00 },
        { 0x00, 0x00, 0x00, 0x00, 0x00, 0x00, 0x00, 0x00 },
        { 0x00, 0x00, 0x00, 0x00, 0x00, 0x00, 0x00, 0x00 },
        { 0x00, 0x00, 0x00, 0x00, 0x00, 0x00, 0x00, 0x00 },
        { 0x00, 0x1d, 0xff, 0x70, 0x00, 0x00, 0x00, 0x00 },
        { 0x00, 0x02, 0xdf, 0xe3, 0x00, 0x00, 0x00, 0x00 },
        { 0x00, 0x00, 0x2e, 0xfc, 0x00, 0x00, 0x00, 0x00 },
        { 0x00, 0x00, 0x03, 0xef, 0x90, 0x00, 0x00, 0x00 },
        { 0x00, 0x00, 0x00, 0x4e, 0xf5, 0x00, 0x00, 0x00 },
        { 0x00, 0x00, 0x00, 0x00, 0x00, 0x00, 0x00, 0x00 },
        { 0x00, 0x00, 0x00, 0x00, 0x00, 0x00, 0x00, 0x00 },
        { 0x00, 0x00, 0x00, 0x00, 0x00, 0x00, 0x00, 0x00 },
        { 0x00, 0x00, 0x00, 0x00, 0x00, 0x00, 0x00, 0x00 },
        { 0x00, 0x00, 0x00, 0x00, 0x00, 0x00, 0x00, 0x00 },
        { 0x00, 0x00, 0x00, 0x00, 0x00, 0x00, 0x00, 0x00 },
        { 0x00, 0x00, 0x00, 0x00, 0x00, 0x00, 0x00, 0x00 },
        { 0x00, 0x00, 0x00, 0x00, 0x00, 0x00, 0x00, 0x00 },
        { 0x00, 0x00, 0x00, 0x00, 0x00, 0x00, 0x00, 0x00 },
        { 0x00, 0x00, 0x00, 0x00, 0x00, 0x00, 0x00, 0x00 },
        { 0x00, 0x00, 0x00, 0x00, 0x00, 0x00, 0x00, 0x00 },
        { 0x00, 0x00, 0x00, 0x00, 0x00, 0x00, 0x00, 0x00 },
        { 0x00, 0x00, 0x00, 0x00, 0x00, 0x00, 0x00, 0x00 },
        { 0x00, 0x00, 0x00, 0x00, 0x00, 0x00, 0x00, 0x00 },
        { 0x00, 0x00, 0x00, 0x00, 0x00, 0x00, 0x00, 0x00 },
        { 0x00, 0x00, 0x00, 0x00, 0x00, 0x00, 0x00, 0x00 },
        { 0x00, 0x00, 0x00, 0x00, 0x00, 0x00, 0x00, 0x00 },
        { 0x00, 0x00, 0x00, 0x00, 0x00, 0x00, 0x00, 0x00 },
        { 0x00, 0x00, 0x00, 0x00, 0x00, 0x00, 0x00, 0x00 },
        { 0x00, 0x00, 0x00, 0x00, 0x00, 0x00, 0x00, 0x00 },
        { 0x00, 0x00, 0x00, 0x00, 0x00, 0x00, 0x00, 0x00 },
        { 0x00, 0x00, 0x00, 0x00, 0x00, 0x00, 0x00, 0x00 },
        { 0x00, 0x00, 0x00, 0x00, 0x00, 0x00, 0x00, 0x00 },
    },
    { /* a */
        { 0x00, 0x00, 0x00, 0x00, 0x00, 0x00, 0x00, 0x00 },
        { 0x00, 0x00, 0x00, 0x00, 0x00, 0x00, 0x00, 0x00 },
        { 0x00, 0x00, 0x00, 0x00, 0x00, 0x00, 0x00, 0x00 },
        { 0x00, 0x00, 0x00, 0x00, 0x00, 0x00, 0x00, 0x00 },
        { 0x00, 0x00, 0x00, 0x00, 0x00, 0x00, 0x00, 0x00 },
        { 0x00, 0x00, 0x00, 0x00, 0x00, 0x00, 0x00, 0x00 },
        { 0x00, 0x00, 0x00, 0x00, 0x00, 0x00, 0x00, 0x00 },
        { 0x00, 0x00, 0x00, 0x00, 0x00, 0x00, 0x00, 0x00 },
        { 0x00, 0x00, 0x00, 0x00, 0x00, 0x00, 0x00, 0x00 },
        { 0x00, 0x00, 0x00, 0x00, 0x00, 0x00, 0x00, 0x00 },
        { 0x00, 0x00, 0x00, 0x00, 0x00, 0x00, 0x00, 0x00 },
        { 0x00, 0x04, 0x9b, 0xde, 0xed, 0xa5, 0x00, 0x00 },
        { 0x00, 0x5f, 0xff, 0xff, 0xff, 0xff, 0xa0, 0x00 },
        { 0x00, 0x5f, 0xff, 0xff, 0xff, 0xff, 0xf5, 0x00 },
        { 0x00, 0x5a, 0x63, 0x10, 0x04, 0xef, 0xfa, 0x00 },
        { 0x00, 0x00, 0x00, 0x00, 0x00, 0x9f, 0xfd, 0x00 },
        { 0x00, 0x03, 0x9c, 0xee, 0xff, 0xff, 0xff, 0x00 },
        { 0x00, 0x9f, 0xff, 0xff, 0xff, 0xff, 0xff, 0x00 },
        { 0x05, 0xff, 0xff, 0xff, 0xff, 0xff, 0xff, 0x00 },
        { 0x0a, 0xff, 0xfb, 0x30, 0x00, 0xaf, 0xff, 0x00 },
        { 0x0b, 0xff, 0xf3, 0x00, 0x00, 0xdf, 0xff, 0x00 },
        { 0x0a, 0xff, 0xf9, 0x10, 0x3b, 0xff, 0xff, 0x00 },
        { 0x06, 0xff, 0xff, 0xff, 0xff, 0xef, 0xff, 0x00 },
        { 0x00, 0xaf, 0xff, 0xff, 0xfb, 0x9f, 0xff, 0x00 },
        { 0x00, 0x06, 0xbe, 0xec, 0x70, 0x9f, 0xff, 0x00 },
        { 0x00, 0x00, 0x00, 0x00, 0x00, 0x00, 0x00, 0x00 },
        { 0x00, 0x00, 0x00, 0x00, 0x00, 0x00, 0x00, 0x00 },
        { 0x00, 0x00, 0x00, 0x00, 0x00, 0x00, 0x00, 0x00 },
        { 0x00, 0x00, 0x00, 0x00, 0x00, 0x00, 0x00, 0x00 },
        { 0x00, 0x00, 0x00, 0x00, 0x00, 0x00, 0x00, 0x00 },
        { 0x00, 0x00, 0x00, 0x00, 0x00, 0x00, 0x00, 0x00 },
        { 0x00, 0x00, 0x00, 0x00, 0x00, 0x00, 0x00, 0x00 },
    },
    { /* b */
        { 0x00, 0x00, 0x00, 0x00, 0x00, 0x00, 0x00, 0x00 },
        { 0x00, 0x00, 0x00, 0x00, 0x00, 0x00, 0x00, 0x00 },
        { 0x00, 0x00, 0x00, 0x00, 0x00, 0x00, 0x00, 0x00 },
        { 0x00, 0x00, 0x00, 0x00, 0x00, 0x00, 0x00, 0x00 },
        { 0x00, 0x00, 0x00, 0x00, 0x00, 0x00, 0x00, 0x00 },
        { 0x01, 0xff, 0xf9, 0x00, 0x00, 0x00, 0x00, 0x00 },
        { 0x01, 0xff, 0xf9, 0x00, 0x00, 0x00, 0x00, 0x00 },
        { 0x01, 0xff, 0xf9, 0x00, 0x00, 0x00, 0x00, 0x00 },
        { 0x01, 0xff, 0xf9, 0x00, 0x00, 0x00, 0x00, 0x00 },
        { 0x01, 0xff, 0xf9, 0x00, 0x00, 0x00, 0x00, 0x00 },
        { 0x01, 0xff, 0xf9, 0x00, 0x00, 0x00, 0x00, 0x00 },
        { 0x01, 0xff, 0xf9, 0x08, 0xde, 0xc7, 0x00, 0x00 },
        { 0x01, 0xff, 0xf9, 0xbf, 0xff, 0xff, 0xb0, 0x00 },
        { 0x01, 0xff, 0xfe, 0xff, 0xff, 0xff, 0xf8, 0x00 },
        { 0x01, 0xff, 0xff, 0xb2, 0x06, 0xff, 0xfe, 0x00 },
        { 0x01, 0xff, 0xfe, 0x20, 0x00, 0xaf, 0xff, 0x30 },
        { 0x01, 0xff, 0xfb, 0x00, 0x00, 0x5f, 0xff, 0x60 },
        { 0x01, 0xff, 0xf9, 0x00, 0x00, 0x3f, 0xff, 0x70 },
        { 0x01, 0xff, 0xf9, 0x00, 0x00, 0x3f, 0xff, 0x70 },
        { 0x01, 0xff, 0xfb, 0x00, 0x00, 0x5f, 0xff, 0x60 },
        { 0x01, 0xff, 0xfe, 0x20, 0x00, 0xaf, 0xff, 0x30 },
        { 0x01, 0xff, 0xff, 0xb2, 0x06, 0xff, 0xfe, 0x00 },
        { 0x01, 0xff, 0xfe, 0xff, 0xff, 0xff, 0xf8, 0x00 },
        { 0x01, 0xff, 0xf9, 0xbf, 0xff, 0xff, 0xc0, 0x00 },
        { 0x01, 0xff, 0xf9, 0x08, 0xde, 0xd7, 0x00, 0x00 },
        { 0x00, 0x00, 0x00, 0x00, 0x00, 0x00, 0x00, 0x00 },
        { 0x00, 0x00, 0x00, 0x00, 0x00, 0x00, 0x00, 0x00 },
        { 0x00, 0x00, 0x00, 0x00, 0x00, 0x00, 0x00, 0x00 },
        { 0x00, 0x00, 0x00, 0x00, 0x00, 0x00, 0x00, 0x00 },
        { 0x00, 0x00, 0x00, 0x00, 0x00, 0x00, 0x00, 0x00 },
        { 0x00, 0x00, 0x00, 0x00, 0x00, 0x00, 0x00, 0x00 },
        { 0x00, 0x00, 0x00, 0x00, 0x00, 0x00, 0x00, 0x00 },
    },
    { /* c */
        { 0x00, 0x00, 0x00, 0x00, 0x00, 0x00, 0x00, 0x00 },
        { 0x00, 0x00, 0x00, 0x00, 0x00, 0x00, 0x00, 0x00 },
        { 0x00, 0x00, 0x00, 0x00, 0x00, 0x00, 0x00, 0x00 },
        { 0x00, 0x00, 0x00, 0x00, 0x00, 0x00, 0x00, 0x00 },
        { 0x00, 0x00, 0x00, 0x00, 0x00, 0x00, 0x00, 0x00 },
        { 0x00, 0x00, 0x00, 0x00, 0x00, 0x00, 0x00, 0x00 },
        { 0x00, 0x00, 0x00, 0x00, 0x00, 0x00, 0x00, 0x00 },
        { 0x00, 0x00, 0x00, 0x00, 0x00, 0x00, 0x00, 0x00 },
        { 0x00, 0x00, 0x00, 0x00, 0x00, 0x00, 0x00, 0x00 },
        { 0x00, 0x00, 0x00, 0x00, 0x00, 0x00, 0x00, 0x00 },
        { 0x00, 0x00, 0x00, 0x00, 0x00, 0x00, 0x00, 0x00 },
        { 0x00, 0x00, 0x02, 0x9c, 0xee, 0xca, 0x50, 0x00 },
        { 0x00, 0x00, 0x8f, 0xff, 0xff, 0xff, 0xf7, 0x00 },
        { 0x00, 0x07, 0xff, 0xff, 0xff, 0xff, 0xf7, 0x00 },
        { 0x00, 0x1e, 0xff, 0xf8, 0x20, 0x03, 0x96, 0x00 },
        { 0x00, 0x7f, 0xff, 0x90, 0x00, 0x00, 0x00, 0x00 },
        { 0x00, 0xbf, 0xff, 0x20, 0x00, 0x00, 0x00, 0x00 },
        { 0x00, 0xcf, 0xfe, 0x00, 0x00, 0x00, 0x00, 0x00 },
        { 0x00, 0xcf, 0xfe, 0x00, 0x00, 0x00, 0x00, 0x00 },
        { 0x00, 0xbf, 0xff, 0x20, 0x00, 0x00, 0x00, 0x00 },
        { 0x00, 0x7f, 0xff, 0x90, 0x00, 0x00, 0x00, 0x00 },
        { 0x00, 0x2e, 0xff, 0xf8, 0x20, 0x13, 0x86, 0x00 },
        { 0x00, 0x08, 0xff, 0xff, 0xff, 0xff, 0xf7, 0x00 },
        { 0x00, 0x00, 0x8f, 0xff, 0xff, 0xff, 0xf7, 0x00 },
        { 0x00, 0x00, 0x03, 0x9c, 0xee, 0xca, 0x50, 0x00 },
        { 0x00, 0x00, 0x00, 0x00, 0x00, 0x00, 0x00, 0x00 },
        { 0x00, 0x00, 0x00, 0x00, 0x00, 0x00, 0x00, 0x00 },
        { 0x00, 0x00, 0x00, 0x00, 0x00, 0x00, 0x00, 0x00 },
        { 0x00, 0x00, 0x00, 0x00, 0x00, 0x00, 0x00, 0x00 },
        { 0x00, 0x00, 0x00, 0x00, 0x00, 0x00, 0x00, 0x00 },
        { 0x00, 0x00, 0x00, 0x00, 0x00, 0x00, 0x00, 0x00 },
        { 0x00, 0x00, 0x00, 0x00, 0x00, 0x00, 0x00, 0x00 },
    },
    { /* d */
        { 0x00, 0x00, 0x00, 0x00, 0x00, 0x00, 0x00, 0x00 },
        { 0x00, 0x00, 0x00, 0x00, 0x00, 0x00, 0x00, 0x00 },
        { 0x00, 0x00, 0x00, 0x00, 0x00, 0x00, 0x00, 0x00 },
        { 0x00, 0x00, 0x00, 0x00, 0x00, 0x00, 0x00, 0x00 },
        { 0x00, 0x00, 0x00, 0x00, 0x00, 0x00, 0x00, 0x00 },
        { 0x00, 0x00, 0x00, 0x00, 0x00, 0xef, 0xfb, 0x00 },
        { 0x00, 0x00, 0x00, 0x00, 0x00, 0xef, 0xfb, 0x00 },
        { 0x00, 0x00, 0x00, 0x00, 0x00, 0xef, 0xfb, 0x00 },
        { 0x00, 0x00, 0x00, 0x00, 0x00, 0xef, 0xfb, 0x00 },
        { 0x00, 0x00, 0x00, 0x00, 0x00, 0xef, 0xfb, 0x00 },
        { 0x00, 0x00, 0x00, 0x00, 0x00, 0xef, 0xfb, 0x00 },
        { 0x00, 0x02, 0x9d, 0xec, 0x50, 0xef, 0xfb, 0x00 },
        { 0x00, 0x3e, 0xff, 0xff, 0xf6, 0xef, 0xfb, 0x00 },
        { 0x00, 0xdf, 0xff, 0xff, 0xfe, 0xef, 0xfb, 0x00 },
        { 0x05, 0xff, 0xfd, 0x30, 0x4e, 0xff, 0xfb, 0x00 },
        { 0x09, 0xff, 0xf5, 0x00, 0x07, 0xff, 0xfb, 0x00 },
        { 0x0b, 0xff, 0xe0, 0x00, 0x01, 0xff, 0xfb, 0x00 },
        { 0x0c, 0xff, 0xd0, 0x00, 0x00, 0xef, 0xfb, 0x00 },
        { 0x0c, 0xff, 0xd0, 0x00, 0x00, 0xef, 0xfb, 0x00 },
        { 0x0b, 0xff, 0xe0, 0x00, 0x01, 0xff, 0xfb, 0x00 },
        { 0x09, 0xff, 0xf5, 0x00, 0x07, 0xff, 0xfb, 0x00 },
        { 0x05, 0xff, 0xfd, 0x30, 0x4e, 0xff, 0xfb, 0x00 },
        { 0x00, 0xdf, 0xff, 0xff, 0xfe, 0xef, 0xfb, 0x00 },
        { 0x00, 0x3e, 0xff, 0xff, 0xf6, 0xef, 0xfb, 0x00 },
        { 0x00, 0x02, 0xad, 0xec, 0x50, 0xef, 0xfb, 0x00 },
        { 0x00, 0x00, 0x00, 0x00, 0x00, 0x00, 0x00, 0x00 },
        { 0x00, 0x00, 0x00, 0x00, 0x00, 0x00, 0x00, 0x00 },
        { 0x00, 0x00, 0x00, 0x00, 0x00, 0x00, 0x00, 0x00 },
        { 0x00, 0x00, 0x00, 0x00, 0x00, 0x00, 0x00, 0x00 },
        { 0x00, 0x00, 0x00, 0x00, 0x00, 0x00, 0x00, 0x00 },
        { 0x00, 0x00, 0x00, 0x00, 0x00, 0x00, 0x00, 0x00 },
        { 0x00, 0x00, 0x00, 0x00, 0x00, 0x00, 0x00, 0x00 },
    },
    { /* e */
        { 0x00, 0x00, 0x00, 0x00, 0x00, 0x00, 0x00, 0x00 },
        { 0x00, 0x00, 0x00, 0x00, 0x00, 0x00, 0x00, 0x00 },
        { 0x00, 0x00, 0x00, 0x00, 0x00, 0x00, 0x00, 0x00 },
        { 0x00, 0x00, 0x00, 0x00, 0x00, 0x00, 0x00, 0x00 },
        { 0x00, 0x00, 0x00, 0x00, 0x00, 0x00, 0x00, 0x00 },
        { 0x00, 0x00, 0x00, 0x00, 0x00, 0x00, 0x00, 0x00 },
        { 0x00, 0x00, 0x00, 0x00, 0x00, 0x00, 0x00, 0x00 },
        { 0x00, 0x00, 0x00, 0x00, 0x00, 0x00, 0x00, 0x00 },
        { 0x00, 0x00, 0x00, 0x00, 0x00, 0x00, 0x00, 0x00 },
        { 0x00, 0x00, 0x00, 0x00, 0x00, 0x00, 0x00, 0x00 },
        { 0x00, 0x00, 0x00, 0x00, 0x00, 0x00, 0x00, 0x00 },
        { 0x00, 0x00, 0x39, 0xde, 0xec, 0x82, 0x00, 0x00 },
        { 0x00, 0x08, 0xff, 0xff, 0xff, 0xfe, 0x50, 0x00 },
        { 0x00, 0x7f, 0xff, 0xff, 0xff, 0xff, 0xe3, 0x00 },
        { 0x01, 0xef, 0xfe, 0x51, 0x16, 0xef, 0xfc, 0x00 },
        { 0x07, 0xff, 0xf6, 0x00, 0x00, 0x7f, 0xff, 0x30 },
        { 0x0a, 0xff, 0xf1, 0x00, 0x00, 0x3f, 0xff, 0x60 },
        { 0x0b, 0xff, 0xfe, 0xee, 0xee, 0xff, 0xff, 0x80 },
        { 0x0b, 0xff, 0xff, 0xff, 0xff, 0xff, 0xff, 0x80 },
        { 0x0a, 0xff, 0xff, 0xff, 0xff, 0xff, 0xff, 0x80 },
        { 0x07, 0xff, 0xe1, 0x00, 0x00, 0x00, 0x00, 0x00 },
        { 0x02, 0xef, 0xfc, 0x41, 0x00, 0x24, 0x7c, 0x00 },
        { 0x00, 0x8f, 0xff, 0xff, 0xff, 0xff, 0xfe, 0x00 },
        { 0x00, 0x08, 0xff, 0xff, 0xff, 0xff, 0xfe, 0x00 },
        { 0x00, 0x00, 0x28, 0xce, 0xed, 0xca, 0x62, 0x00 },
        { 0x00, 0x00, 0x00, 0x00, 0x00, 0x00, 0x00, 0x00 },
        { 0x00, 0x00, 0x00, 0x00, 0x00, 0x00, 0x00, 0x00 },
        { 0x00, 0x00, 0x00, 0x00, 0x00, 0x00, 0x00, 0x00 },
        { 0x00, 0x00, 0x00, 0x00, 0x00, 0x00, 0x00, 0x00 },
        { 0x00, 0x00, 0x00, 0x00, 0x00, 0x00, 0x00, 0x00 },
        { 0x00, 0x00, 0x00, 0x00, 0x00, 0x00, 0x00, 0x00 },
        { 0x00, 0x00, 0x00, 0x00, 0x00, 0x00, 0x00, 0x00 },
    },
    { /* f */
        { 0x00, 0x00, 0x00, 0x00, 0x00, 0x00, 0x00, 0x00 },
        { 0x00, 0x00, 0x00, 0x00, 0x00, 0x00, 0x00, 0x00 },
        { 0x00, 0x00, 0x00, 0x00, 0x00, 0x00, 0x00, 0x00 },
        { 0x00, 0x00, 0x00, 0x00, 0x00, 0x00, 0x00, 0x00 },
        { 0x00, 0x00, 0x00, 0x00, 0x00, 0x00, 0x00, 0x00 },
        { 0x00, 0x00, 0x00, 0x06, 0xbe, 0xef, 0xfb, 0x00 },
        { 0x00, 0x00, 0x00, 0x8f, 0xff, 0xff, 0xfb, 0x00 },
        { 0x00, 0x00, 0x00, 0xef, 0xff, 0xff, 0xfb, 0x00 },
        { 0x00, 0x00, 0x03, 0xff, 0xfa, 0x00, 0x00, 0x00 },
        { 0x00, 0x00, 0x04, 0xff, 0xf5, 0x00, 0x00, 0x00 },
        { 0x00, 0x00, 0x05, 0xff, 0xf5, 0x00, 0x00, 0x00 },
        { 0x00, 0xcf, 0xff, 0xff, 0xff, 0xff, 0xfb, 0x00 },
        { 0x00, 0xcf, 0xff, 0xff, 0xff, 0xff, 0xfb, 0x00 },
        { 0x00, 0xcf, 0xff, 0xff, 0xff, 0xff, 0xfb, 0x00 },
        { 0x00, 0x00, 0x05, 0xff, 0xf5, 0x00, 0x00, 0x00 },
        { 0x00, 0x00, 0x05, 0xff, 0xf5, 0x00, 0x00, 0x00 },
        { 0x00, 0x00, 0x05, 0xff, 0xf5, 0x00, 0x00, 0x00 },
        { 0x00, 0x00, 0x05, 0xff, 0xf5, 0x00, 0x00, 0x00 },
        { 0x00, 0x00, 0x05, 0xff, 0xf5, 0x00, 0x00, 0x00 },
        { 0x00, 0x00, 0x05, 0xff, 0xf5, 0x00, 0x00, 0x00 },
        { 0x00, 0x00, 0x05, 0xff, 0xf5, 0x00, 0x00, 0x00 },
        { 0x00, 0x00, 0x05, 0xff, 0xf5, 0x00, 0x00, 0x00 },
        { 0x00, 0x00, 0x05, 0xff, 0xf5, 0x00, 0x00, 0x00 },
        { 0x00, 0x00, 0x05, 0xff, 0xf5, 0x00, 0x00, 0x00 },
        { 0x00, 0x00, 0x05, 0xff, 0xf5, 0x00, 0x00, 0x00 },
        { 0x00, 0x00, 0x00, 0x00, 0x00, 0x00, 0x00, 0x00 },
        { 0x00, 0x00, 0x00, 0x00, 0x00, 0x00, 0x00, 0x00 },
        { 0x00, 0x00, 0x00, 0x00, 0x00, 0x00, 0x00, 0x00 },
        { 0x00, 0x00, 0x00, 0x00, 0x00, 0x00, 0x00, 0x00 },
        { 0x00, 0x00, 0x00, 0x00, 0x00, 0x00, 0x00, 0x00 },
        { 0x00, 0x00, 0x00, 0x00, 0x00, 0x00, 0x00, 0x00 },
        { 0x00, 0x00, 0x00, 0x00, 0x00, 0x00, 0x00, 0x00 },
    },
    { /* g */
        { 0x00, 0x00, 0x00, 0x00, 0x00, 0x00, 0x00, 0x00 },
        { 0x00, 0x00, 0x00, 0x00, 0x00, 0x00, 0x00, 0x00 },
        { 0x00, 0x00, 0x00, 0x00, 0x00, 0x00, 0x00, 0x00 },
        { 0x00, 0x00, 0x00, 0x00, 0x00, 0x00, 0x00, 0x00 },
        { 0x00, 0x00, 0x00, 0x00, 0x00, 0x00, 0x00, 0x00 },
        { 0x00, 0x00, 0x00, 0x00, 0x00, 0x00, 0x00, 0x00 },
        { 0x00, 0x00, 0x00, 0x00, 0x00, 0x00, 0x00, 0x00 },
        { 0x00, 0x00, 0x00, 0x00, 0x00, 0x00, 0x00, 0x00 },
        { 0x00, 0x00, 0x00, 0x00, 0x00, 0x00, 0x00, 0x00 },
        { 0x00, 0x00, 0x00, 0x00, 0x00, 0x00, 0x00, 0x00 },
        { 0x00, 0x00, 0x00, 0x00, 0x00, 0x00, 0x00, 0x00 },
        { 0x00, 0x00, 0x8d, 0xed, 0x70, 0xcf, 0xfd, 0x00 },
        { 0x00, 0x1c, 0xff, 0xff, 0xfb, 0xcf, 0xfd, 0x00 },
        { 0x00, 0xaf, 0xff, 0xff, 0xff, 0xff, 0xfd, 0x00 },
        { 0x02, 0xff, 0xfe, 0x40, 0x3d, 0xff, 0xfd, 0x00 },
        { 0x06, 0xff, 0xf7, 0x00, 0x05, 0xff, 0xfd, 0x00 },
        { 0x09, 0xff, 0xf2, 0x00, 0x00, 0xef, 0xfd, 0x00 },
        { 0x0a, 0xff, 0xe0, 0x00, 0x00, 0xdf, 0xfd, 0x00 },
        { 0x0a, 0xff, 0xe0, 0x00, 0x00, 0xdf, 0xfd, 0x00 },
        { 0x09, 0xff, 0xf2, 0x00, 0x00, 0xef, 0xfd, 0x00 },
        { 0x07, 0xff, 0xf7, 0x00, 0x05, 0xff, 0xfd, 0x00 },
        { 0x02, 0xff, 0xfe, 0x40, 0x3d, 0xff, 0xfd, 0x00 },
        { 0x00, 0xbf, 0xff, 0xff, 0xff, 0xff, 0xfd, 0x00 },
        { 0x00, 0x1d, 0xff, 0xff, 0xfb, 0xcf, 0xfd, 0x00 },
        { 0x00, 0x01, 0x8d, 0xed, 0x80, 0xcf, 0xfd, 0x00 },
        { 0x00, 0x00, 0x00, 0x00, 0x00, 0xef, 0xfc, 0x00 },
        { 0x00, 0x3a, 0x52, 0x00, 0x2a, 0xff, 0xf8, 0x00 },
        { 0x00, 0x4f, 0xff, 0xff, 0xff, 0xff, 0xe2, 0x00 },
        { 0x00, 0x4f, 0xff, 0xff, 0xff, 0xfe, 0x60, 0x00 },
        { 0x00, 0x04, 0x9c, 0xde, 0xec, 0x82, 0x00, 0x00 },
        { 0x00, 0x00, 0x00, 0x00, 0x00, 0x00, 0x00, 0x00 },
        { 0x00, 0x00, 0x00, 0x00, 0x00, 0x00, 0x00, 0x00 },
    },
    { /* h */
        { 0x00, 0x00, 0x00, 0x00, 0x00, 0x00, 0x00, 0x00 },
        { 0x00, 0x00, 0x00, 0x00, 0x00, 0x00, 0x00, 0x00 },
        { 0x00, 0x00, 0x00, 0x00, 0x00, 0x00, 0x00, 0x00 },
        { 0x00, 0x00, 0x00, 0x00, 0x00, 0x00, 0x00, 0x00 },
        { 0x00, 0x00, 0x00, 0x00, 0x00, 0x00, 0x00, 0x00 },
        { 0x00, 0xcf, 0xfd, 0x00, 0x00, 0x00, 0x00, 0x00 },
        { 0x00, 0xcf, 0xfd, 0x00, 0x00, 0x00, 0x00, 0x00 },
        { 0x00, 0xcf, 0xfd, 0x00, 0x00, 0x00, 0x00, 0x00 },
        { 0x00, 0xcf, 0xfd, 0x00, 0x00, 0x00, 0x00, 0x00 },
        { 0x00, 0xcf, 0xfd, 0x00, 0x00, 0x00, 0x00, 0x00 },
        { 0x00, 0xcf, 0xfd, 0x00, 0x00, 0x00, 0x00, 0x00 },
        { 0x00, 0xcf, 0xfd, 0x07, 0xce, 0xd8, 0x00, 0x00 },
        { 0x00, 0xcf, 0xfd, 0x8f, 0xff, 0xff, 0x90, 0x00 },
        { 0x00, 0xcf, 0xfe, 0xef, 0xff, 0xff, 0xf2, 0x00 },
        { 0x00, 0xcf, 0xff, 0xb1, 0x1a, 0xff, 0xf6, 0x00 },
        { 0x00, 0xcf, 0xff, 0x20, 0x03, 0xff, 0xf8, 0x00 },
        { 0x00, 0xcf, 0xfe, 0x00, 0x01, 0xff, 0xf8, 0x00 },
        { 0x00, 0xcf, 0xfd, 0x00, 0x01, 0xff, 0xf8, 0x00 },
        { 0x00, 0xcf, 0xfd, 0x00, 0x01, 0xff, 0xf8, 0x00 },
        { 0x00, 0xcf, 0xfd, 0x00, 0x01, 0xff, 0xf8, 0x00 },
        { 0x00, 0xcf, 0xfd, 0x00, 0x01, 0xff, 0xf8, 0x00 },
        { 0x00, 0xcf, 0xfd, 0x00, 0x01, 0xff, 0xf8, 0x00 },
        { 0x00, 0xcf, 0xfd, 0x00, 0x01, 0xff, 0xf8, 0x00 },
        { 0x00, 0xcf, 0xfd, 0x00, 0x01, 0xff, 0xf8, 0x00 },
        { 0x00, 0xcf, 0xfd, 0x00, 0x01, 0xff, 0xf8, 0x00 },
        { 0x00, 0x00, 0x00, 0x00, 0x00, 0x00, 0x00, 0x00 },
        { 0x00, 0x00, 0x00, 0x00, 0x00, 0x00, 0x00, 0x00 },
        { 0x00, 0x00, 0x00, 0x00, 0x00, 0x00, 0x00, 0x00 },
        { 0x00, 0x00, 0x00, 0x00, 0x00, 0x00, 0x00, 0x00 },
        { 0x00, 0x00, 0x00, 0x00, 0x00, 0x00, 0x00, 0x00 },
        { 0x00, 0x00, 0x00, 0x00, 0x00, 0x00, 0x00, 0x00 },
        { 0x00, 0x00, 0x00, 0x00, 0x00, 0x00, 0x00, 0x00 },
    },
    { /* i */
        { 0x00, 0x00, 0x00, 0x00, 0x00, 0x00, 0x00, 0x00 },
        { 0x00, 0x00, 0x00, 0x00, 0x00, 0x00, 0x00, 0x00 },
        { 0x00, 0x00, 0x00, 0x00, 0x00, 0x00, 0x00, 0x00 },
        { 0x00, 0x00, 0x00, 0x00, 0x00, 0x00, 0x00, 0x00 },
        { 0x00, 0x00, 0x00, 0x8f, 0xff, 0x20, 0x00, 0x00 },
        { 0x00, 0x00, 0x00, 0x8f, 0xff, 0x20, 0x00, 0x00 },
        { 0x00, 0x00, 0x00, 0x8f, 0xff, 0x20, 0x00, 0x00 },
        { 0x00, 0x00, 0x00, 0x8f, 0xff, 0x20, 0x00, 0x00 },
        { 0x00, 0x00, 0x00, 0x00, 0x00, 0x00, 0x00, 0x00 },
        { 0x00, 0x00, 0x00, 0x00, 0x00, 0x00, 0x00, 0x00 },
        { 0x00, 0x00, 0x00, 0x00, 0x00, 0x00, 0x00, 0x00 },
        { 0x00, 0x2f, 0xff, 0xff, 0xff, 0x20, 0x00, 0x00 },
        { 0x00, 0x2f, 0xff, 0xff, 0xff, 0x20, 0x00, 0x00 },
        { 0x00, 0x2f, 0xff, 0xff, 0xff, 0x20, 0x00, 0x00 },
        { 0x00, 0x00, 0x00, 0x8f, 0xff, 0x20, 0x00, 0x00 },
        { 0x00, 0x00, 0x00, 0x8f, 0xff, 0x20, 0x00, 0x00 },
        { 0x00, 0x00, 0x00, 0x8f, 0xff, 0x20, 0x00, 0x00 },
        { 0x00, 0x00, 0x00, 0x8f, 0xff, 0x20, 0x00, 0x00 },
        { 0x00, 0x00, 0x00, 0x8f, 0xff, 0x20, 0x00, 0x00 },
        { 0x00, 0x00, 0x00, 0x8f, 0xff, 0x20, 0x00, 0x00 },
        { 0x00, 0x00, 0x00, 0x8f, 0xff, 0x20, 0x00, 0x00 },
        { 0x00, 0x00, 0x00, 0x8f, 0xff, 0x20, 0x00, 0x00 },
        { 0x02, 0xff, 0xff, 0xff, 0xff, 0xff, 0xff, 0xc0 },
        { 0x02, 0xff, 0xff, 0xff, 0xff, 0xff, 0xff, 0xc0 },
        { 0x02, 0xff, 0xff, 0xff, 0xff, 0xff, 0xff, 0xc0 },
        { 0x00, 0x00, 0x00, 0x00, 0x00, 0x00, 0x00, 0x00 },
        { 0x00, 0x00, 0x00, 0x00, 0x00, 0x00, 0x00, 0x00 },
        { 0x00, 0x00, 0x00, 0x00, 0x00, 0x00, 0x00, 0x00 },
        { 0x00, 0x00, 0x00, 0x00, 0x00, 0x00, 0x00, 0x00 },
        { 0x00, 0x00, 0x00, 0x00, 0x00, 0x00, 0x00, 0x00 },
        { 0x00, 0x00, 0x00, 0x00, 0x00, 0x00, 0x00, 0x00 },
        { 0x00, 0x00, 0x00, 0x00, 0x00, 0x00, 0x00, 0x00 },
    },
    { /* j */
        { 0x00, 0x00, 0x00, 0x00, 0x00, 0x00, 0x00, 0x00 },
        { 0x00, 0x00, 0x00, 0x00, 0x00, 0x00, 0x00, 0x00 },
        { 0x00, 0x00, 0x00, 0x00, 0x00, 0x00, 0x00, 0x00 },
        { 0x00, 0x00, 0x00, 0x00, 0x00, 0x00, 0x00, 0x00 },
        { 0x00, 0x00, 0x00, 0x0d, 0xff, 0xc0, 0x00, 0x00 },
        { 0x00, 0x00, 0x00, 0x0d, 0xff, 0xc0, 0x00, 0x00 },
        { 0x00, 0x00, 0x00, 0x0d, 0xff, 0xc0, 0x00, 0x00 },
        { 0x00, 0x00, 0x00, 0x0d, 0xff, 0xc0, 0x00, 0x00 },
        { 0x00, 0x00, 0x00, 0x00, 0x00, 0x00, 0x00, 0x00 },
        { 0x00, 0x00, 0x00, 0x00, 0x00, 0x00, 0x00, 0x00 },
        { 0x00, 0x00, 0x00, 0x00, 0x00, 0x00, 0x00, 0x00 },
        { 0x00, 0x0a, 0xff, 0xff, 0xff, 0xc0, 0x00, 0x00 },
        { 0x00, 0x0a, 0xff, 0xff, 0xff, 0xc0, 0x00, 0x00 },
        { 0x00, 0x0a, 0xff, 0xff, 0xff, 0xc0, 0x00, 0x00 },
        { 0x00, 0x00, 0x00, 0x0d, 0xff, 0xc0, 0x00, 0x00 },
        { 0x00, 0x00, 0x00, 0x0d, 0xff, 0xc0, 0x00, 0x00 },
        { 0x00, 0x00, 0x00, 0x0d, 0xff, 0xc0, 0x00, 0x00 },
        { 0x00, 0x00, 0x00, 0x0d, 0xff, 0xc0, 0x00, 0x00 },
        { 0x00, 0x00, 0x00, 0x0d, 0xff, 0xc0, 0x00, 0x00 },
        { 0x00, 0x00, 0x00, 0x0d, 0xff, 0xc0, 0x00, 0x00 },
        { 0x00, 0x00, 0x00, 0x0d, 0xff, 0xc0, 0x00, 0x00 },
        { 0x00, 0x00, 0x00, 0x0d, 0xff, 0xc0, 0x00, 0x00 },
        { 0x00, 0x00, 0x00, 0x0d, 0xff, 0xc0, 0x00, 0x00 },
        { 0x00, 0x00, 0x00, 0x0d, 0xff, 0xc0, 0x00, 0x00 },
        { 0x00, 0x00, 0x00, 0x0e, 0xff, 0xb0, 0x00, 0x00 },
        { 0x00, 0x00, 0x00, 0x1f, 0xff, 0xa0, 0x00, 0x00 },
        { 0x00, 0x00, 0x01, 0xaf, 0xff, 0x80, 0x00, 0x00 },
        { 0x02, 0xff, 0xff, 0xff, 0xff, 0x40, 0x00, 0x00 },
        { 0x02, 0xff, 0xff, 0xff, 0xfa, 0x00, 0x00, 0x00 },
        { 0x02, 0xff, 0xff, 0xec, 0x70, 0x00, 0x00, 0x00 },
        { 0x00, 0x00, 0x00, 0x00, 0x00, 0x00, 0x00, 0x00 },
        { 0x00, 0x00, 0x00, 0x00, 0x00, 0x00, 0x00, 0x00 },
    },
    { /* k */
        { 0x00, 0x00, 0x00, 0x00, 0x00, 0x00, 0x00, 0x00 },
        { 0x00, 0x00, 0x00, 0x00, 0x00, 0x00, 0x00, 0x00 },
        { 0x00, 0x00, 0x00, 0x00, 0x00, 0x00, 0x00, 0x00 },
        { 0x00, 0x00, 0x00, 0x00, 0x00, 0x00, 0x00, 0x00 },
        { 0x00, 0x00, 0x00, 0x00, 0x00, 0x00, 0x00, 0x00 },
        { 0x00, 0xcf, 0xfd, 0x00, 0x00, 0x00, 0x00, 0x00 },
        { 0x00, 0xcf, 0xfd, 0x00, 0x00, 0x00, 0x00, 0x00 },
        { 0x00, 0xcf, 0xfd, 0x00, 0x00, 0x00, 0x00, 0x00 },
        { 0x00, 0xcf, 0xfd, 0x00, 0x00, 0x00, 0x00, 0x00 },
        { 0x00, 0xcf, 0xfd, 0x00, 0x00, 0x00, 0x00, 0x00 },
        { 0x00, 0xcf, 0xfd, 0x00, 0x00, 0x00, 0x00, 0x00 },
        { 0x00, 0xcf, 0xfd, 0x00, 0x02, 0xdf, 0xfe, 0x50 },
        { 0x00, 0xcf, 0xfd, 0x00, 0x1d, 0xff, 0xe5, 0x00 },
        { 0x00, 0xcf, 0xfd, 0x01, 0xcf, 0xfe, 0x50, 0x00 },
        { 0x00, 0xcf, 0xfd, 0x1c, 0xff, 0xe4, 0x00, 0x00 },
        { 0x00, 0xcf, 0xfe, 0xbf, 0xfe, 0x40, 0x00, 0x00 },
        { 0x00, 0xcf, 0xff, 0xff, 0xfb, 0x00, 0x00, 0x00 },
        { 0x00, 0xcf, 0xff, 0xff, 0xff, 0x50, 0x00, 0x00 },
        { 0x00, 0xcf, 0xff, 0xec, 0xff, 0xd1, 0x00, 0x00 },
        { 0x00, 0xcf, 0xfe, 0x22, 0xef, 0xf9, 0x00, 0x00 },
        { 0x00, 0xcf, 0xfd, 0x00, 0x8f, 0xff, 0x40, 0x00 },
        { 0x00, 0xcf, 0xfd, 0x00, 0x1d, 0xff, 0xd0, 0x00 },
        { 0x00, 0xcf, 0xfd, 0x00, 0x05, 0xff, 0xf8, 0x00 },
        { 0x00, 0xcf, 0xfd, 0x00, 0x00, 0xbf, 0xfe, 0x30 },
        { 0x00, 0xcf, 0xfd, 0x00, 0x00, 0x3e, 0xff, 0xc0 },
        { 0x00, 0x00, 0x00, 0x00, 0x00, 0x00, 0x00, 0x00 },
        { 0x00, 0x00, 0x00, 0x00, 0x00, 0x00, 0x00, 0x00 },
        { 0x00, 0x00, 0x00, 0x00, 0x00, 0x00, 0x00, 0x00 },
        { 0x00, 0x00, 0x00, 0x00, 0x00, 0x00, 0x00, 0x00 },
        { 0x00, 0x00, 0x00, 0x00, 0x00, 0x00, 0x00, 0x00 },
        { 0x00, 0x00, 0x00, 0x00, 0x00, 0x00, 0x00, 0x00 },
        { 0x00, 0x00, 0x00, 0x00, 0x00, 0x00, 0x00, 0x00 },
    },
    { /* l */
        { 0x00, 0x00, 0x00, 0x00, 0x00, 0x00, 0x00, 0x00 },
        { 0x00, 0x00, 0x00, 0x00, 0x00, 0x00, 0x00, 0x00 },
        { 0x00, 0x00, 0x00, 0x00, 0x00, 0x00, 0x00, 0x00 },
        { 0x00, 0x00, 0x00, 0x00, 0x00, 0x00, 0x00, 0x00 },
        { 0x00, 0x00, 0x00, 0x00, 0x00, 0x00, 0x00, 0x00 },
        { 0x0c, 0xff, 0xff, 0xff, 0x90, 0x00, 0x00, 0x00 },
        { 0x0c, 0xff, 0xff, 0xff, 0x90, 0x00, 0x00, 0x00 },
        { 0x0c, 0xff, 0xff, 0xff, 0x90, 0x00, 0x00, 0x00 },
        { 0x00, 0x00, 0x1f, 0xff, 0x90, 0x00, 0x00, 0x00 },
        { 0x00, 0x00, 0x1f, 0xff, 0x90, 0x00, 0x00, 0x00 },
        { 0x00, 0x00, 0x1f, 0xff, 0x90, 0x00, 0x00, 0x00 },
        { 0x00, 0x00, 0x1f, 0xff, 0x90, 0x00, 0x00, 0x00 },
        { 0x00, 0x00, 0x1f, 0xff, 0x90, 0x00, 0x00, 0x00 },
        { 0x00, 0x00, 0x1f, 0xff, 0x90, 0x00, 0x00, 0x00 },
        { 0x00, 0x00, 0x1f, 0xff, 0x90, 0x00, 0x00, 0x00 },
        { 0x00, 0x00, 0x1f, 0xff, 0x90, 0x00, 0x00, 0x00 },
        { 0x00, 0x00, 0x1f, 0xff, 0x90, 0x00, 0x00, 0x00 },
        { 0x00, 0x00, 0x1f, 0xff, 0x90, 0x00, 0x00, 0x00 },
        { 0x00, 0x00, 0x1f, 0xff, 0x90, 0x00, 0x00, 0x00 },
        { 0x00, 0x00, 0x1f, 0xff, 0xa0, 0x00, 0x00, 0x00 },
        { 0x00, 0x00, 0x0e, 0xff, 0xc0, 0x00, 0x00, 0x00 },
        { 0x00, 0x00, 0x0c, 0xff, 0xf6, 0x10, 0x00, 0x00 },
        { 0x00, 0x00, 0x08, 0xff, 0xff, 0xff, 0xfd, 0x00 },
        { 0x00, 0x00, 0x01, 0xdf, 0xff, 0xff, 0xfd, 0x00 },
        { 0x00, 0x00, 0x00, 0x18, 0xde, 0xff, 0xfd, 0x00 },
        { 0x00, 0x00, 0x00, 0x00, 0x00, 0x00, 0x00, 0x00 },
        { 0x00, 0x00, 0x00, 0x00, 0x00, 0x00, 0x00, 0x00 },
        { 0x00, 0x00, 0x00, 0x00, 0x00, 0x00, 0x00, 0x00 },
        { 0x00, 0x00, 0x00, 0x00, 0x00, 0x00, 0x00, 0x00 },
        { 0x00, 0x00, 0x00, 0x00, 0x00, 0x00, 0x00, 0x00 },
        { 0x00, 0x00, 0x00, 0x00, 0x00, 0x00, 0x00, 0x00 },
        { 0x00, 0x00, 0x00, 0x00, 0x00, 0x00, 0x00, 0x00 },
    },
    { /* m */
        { 0x00, 0x00, 0x00, 0x00, 0x00, 0x00, 0x00, 0x00 },
        { 0x00, 0x00, 0x00, 0x00, 0x00, 0x00, 0x00, 0x00 },
        { 0x00, 0x00, 0x00, 0x00, 0x00, 0x00, 0x00, 0x00 },
        { 0x00, 0x00, 0x00, 0x00, 0x00, 0x00, 0x00, 0x00 },
        { 0x00, 0x00, 0x00, 0x00, 0x00, 0x00, 0x00, 0x00 },
        { 0x00, 0x00, 0x00, 0x00, 0x00, 0x00, 0x00, 0x00 },
        { 0x00, 0x00, 0x00, 0x00, 0x00, 0x00, 0x00, 0x00 },
        { 0x00, 0x00, 0x00, 0x00, 0x00, 0x00, 0x00, 0x00 },
        { 0x00, 0x00, 0x00, 0x00, 0x00, 0x00, 0x00, 0x00 },
        { 0x00, 0x00, 0x00, 0x00, 0x00, 0x00, 0x00, 0x00 },
        { 0x00, 0x00, 0x00, 0x00, 0x00, 0x00, 0x00, 0x00 },
        { 0x0e, 0xfb, 0x4c, 0xea, 0x14, 0xce, 0xc4, 0x00 },
        { 0x0e, 0xfc, 0xef, 0xff, 0xbe, 0xff, 0xfe, 0x10 },
        { 0x0e, 0xff, 0xff, 0xff, 0xff, 0xff, 0xff, 0x50 },
        { 0x0e, 0xff, 0x61, 0xdf, 0xfa, 0x0a, 0xff, 0x70 },
        { 0x0e, 0xff, 0x20, 0xaf, 0xf6, 0x06, 0xff, 0x80 },
        { 0x0e, 0xff, 0x10, 0x9f, 0xf5, 0x05, 0xff, 0x90 },
        { 0x0e, 0xff, 0x10, 0x9f, 0xf5, 0x05, 0xff, 0x90 },
        { 0x0e, 0xff, 0x10, 0x9f, 0xf5, 0x05, 0xff, 0x90 },
        { 0x0e, 0xff, 0x10, 0x9f, 0xf5, 0x05, 0xff, 0x90 },
        { 0x0e, 0xff, 0x10, 0x9f, 0xf5, 0x05, 0xff, 0x90 },
        { 0x0e, 0xff, 0x10, 0x9f, 0xf5, 0x05, 0xff, 0x90 },
        { 0x0e, 0xff, 0x10, 0x9f, 0xf5, 0x05, 0xff, 0x90 },
        { 0x0e, 0xff, 0x10, 0x9f, 0xf5, 0x05, 0xff, 0x90 },
        { 0x0e, 0xff, 0x10, 0x9f, 0xf5, 0x05, 0xff, 0x90 },
        { 0x00, 0x00, 0x00, 0x00, 0x00, 0x00, 0x00, 0x00 },
        { 0x00, 0x00, 0x00, 0x00, 0x00, 0x00, 0x00, 0x00 },
        { 0x00, 0x00, 0x00, 0x00, 0x00, 0x00, 0x00, 0x00 },
        { 0x00, 0x00, 0x00, 0x00, 0x00, 0x00, 0x00, 0x00 },
        { 0x00, 0x00, 0x00, 0x00, 0x00, 0x00, 0x00, 0x00 },
        { 0x00, 0x00, 0x00, 0x00, 0x00, 0x00, 0x00, 0x00 },
        { 0x00, 0x00, 0x00, 0x00, 0x00, 0x00, 0x00, 0x00 },
    },
    { /* n */
        { 0x00, 0x00, 0x00, 0x00, 0x00, 0x00, 0x00, 0x00 },
        { 0x00, 0x00, 0x00, 0x00, 0x00, 0x00, 0x00, 0x00 },
        { 0x00, 0x00, 0x00, 0x00, 0x00, 0x00, 0x00, 0x00 },
        { 0x00, 0x00, 0x00, 0x00, 0x00, 0x00, 0x00, 0x00 },
        { 0x00, 0x00, 0x00, 0x00, 0x00, 0x00, 0x00, 0x00 },
        { 0x00, 0x00, 0x00, 0x00, 0x00, 0x00, 0x00, 0x00 },
        { 0x00, 0x00, 0x00, 0x00, 0x00, 0x00, 0x00, 0x00 },
        { 0x00, 0x00, 0x00, 0x00, 0x00, 0x00, 0x00, 0x00 },
        { 0x00, 0x00, 0x00, 0x00, 0x00, 0x00, 0x00, 0x00 },
        { 0x00, 0x00, 0x00, 0x00, 0x00, 0x00, 0x00, 0x00 },
        { 0x00, 0x00, 0x00, 0x00, 0x00, 0x00, 0x00, 0x00 },
        { 0x00, 0xcf, 0xfd, 0x07, 0xce, 0xd8, 0x00, 0x00 },
        { 0x00, 0xcf, 0xfd, 0x9f, 0xff, 0xff, 0x90, 0x00 },
        { 0x00, 0xcf, 0xfe, 0xef, 0xff, 0xff, 0xf2, 0x00 },
        { 0x00, 0xcf, 0xff, 0xb2, 0x1a, 0xff, 0xf6, 0x00 },
        { 0x00, 0xcf, 0xff, 0x20, 0x03, 0xff, 0xf8, 0x00 },
        { 0x00, 0xcf, 0xfe, 0x00, 0x01, 0xff, 0xf8, 0x00 },
        { 0x00, 0xcf, 0xfd, 0x00, 0x01, 0xff, 0xf8, 0x00 },
        { 0x00, 0xcf, 0xfd, 0x00, 0x01, 0xff, 0xf8, 0x00 },
        { 0x00, 0xcf, 0xfd, 0x00, 0x01, 0xff, 0xf8, 0x00 },
        { 0x00, 0xcf, 0xfd, 0x00, 0x01, 0xff, 0xf8, 0x00 },
        { 0x00, 0xcf, 0xfd, 0x00, 0x01, 0xff, 0xf8, 0x00 },
        { 0x00, 0xcf, 0xfd, 0x00, 0x01, 0xff, 0xf8, 0x00 },
        { 0x00, 0xcf, 0xfd, 0x00, 0x01, 0xff, 0xf8, 0x00 },
        { 0x00, 0xcf, 0xfd, 0x00, 0x01, 0xff, 0xf8, 0x00 },
        { 0x00, 0x00, 0x00, 0x00, 0x00, 0x00, 0x00, 0x00 },
        { 0x00, 0x00, 0x00, 0x00, 0x00, 0x00, 0x00, 0x00 },
        { 0x00, 0x00, 0x00, 0x00, 0x00, 0x00, 0x00, 0x00 },
        { 0x00, 0x00, 0x00, 0x00, 0x00, 0x00, 0x00, 0x00 },
        { 0x00, 0x00, 0x00, 0x00, 0x00, 0x00, 0x00, 0x00 },
        { 0x00, 0x00, 0x00, 0x00, 0x00, 0x00, 0x00, 0x00 },
        { 0x00, 0x00, 0x00, 0x00, 0x00, 0x00, 0x00, 0x00 },
    },
    { /* o */
        { 0x00, 0x00, 0x00, 0x00, 0x00, 0x00, 0x00, 0x00 },
        { 0x00, 0x00, 0x00, 0x00, 0x00, 0x00, 0x00, 0x00 },
        { 0x00, 0x00, 0x00, 0x00, 0x00, 0x00, 0x00, 0x00 },
        { 0x00, 0x00, 0x00, 0x00, 0x00, 0x00, 0x00, 0x00 },
        { 0x00, 0x00, 0x00, 0x00, 0x00, 0x00, 0x00, 0x00 },
        { 0x00, 0x00, 0x00, 0x00, 0x00, 0x00, 0x00, 0x00 },
        { 0x00, 0x00, 0x00, 0x00, 0x00, 0x00, 0x00, 0x00 },
        { 0x00, 0x00, 0x00, 0x00, 0x00, 0x00, 0x00, 0x00 },
        { 0x00, 0x00, 0x00, 0x00, 0x00, 0x00, 0x00, 0x00 },
        { 0x00, 0x00, 0x00, 0x00, 0x00, 0x00, 0x00, 0x00 },
        { 0x00, 0x00, 0x00, 0x00, 0x00, 0x00, 0x00, 0x00 },
        { 0x00, 0x00, 0x39, 0xde, 0xec, 0x71, 0x00, 0x00 },
        { 0x00, 0x07, 0xef, 0xff, 0xff, 0xfd, 0x30, 0x00 },
        { 0x00, 0x6f, 0xff, 0xff, 0xff, 0xff, 0xe2, 0x00 },
        { 0x01, 0xef, 0xfe, 0x50, 0x19, 0xff, 0xfa, 0x00 },
        { 0x06, 0xff, 0xf7, 0x00, 0x00, 0xdf, 0xfe, 0x00 },
        { 0x09, 0xff, 0xf2, 0x00, 0x00, 0x7f, 0xff, 0x40 },
        { 0x0a, 0xff, 0xe0, 0x00, 0x00, 0x5f, 0xff, 0x50 },
        { 0x0a, 0xff, 0xe0, 0x00, 0x00, 0x5f, 0xff, 0x50 },
        { 0x09, 0xff, 0xf2, 0x00, 0x00, 0x7f, 0xff, 0x40 },
        { 0x06, 0xff, 0xf7, 0x00, 0x00, 0xcf, 0xfe, 0x00 },
        { 0x01, 0xef, 0xfe, 0x50, 0x19, 0xff, 0xfa, 0x00 },
        { 0x00, 0x6f, 0xff, 0xff, 0xff, 0xff, 0xe2, 0x00 },
        { 0x00, 0x07, 0xff, 0xff, 0xff, 0xfd, 0x30, 0x00 },
        { 0x00, 0x00, 0x39, 0xde, 0xec, 0x71, 0x00, 0x00 },
        { 0x00, 0x00, 0x00, 0x00, 0x00, 0x00, 0x00, 0x00 },
        { 0x00, 0x00, 0x00, 0x00, 0x00, 0x00, 0x00, 0x00 },
        { 0x00, 0x00, 0x00, 0x00, 0x00, 0x00, 0x00, 0x00 },
        { 0x00, 0x00, 0x00, 0x00, 0x00, 0x00, 0x00, 0x00 },
        { 0x00, 0x00, 0x00, 0x00, 0x00, 0x00, 0x00, 0x00 },
        { 0x00, 0x00, 0x00, 0x00, 0x00, 0x00, 0x00, 0x00 },
        { 0x00, 0x00, 0x00, 0x00, 0x00, 0x00, 0x00, 0x00 },
    },
    { /* p */
        { 0x00, 0x00, 0x00, 0x00, 0x00, 0x00, 0x00, 0x00 },
        { 0x00, 0x00, 0x00, 0x00, 0x00, 0x00, 0x00, 0x00 },
        { 0x00, 0x00, 0x00, 0x00, 0x00, 0x00, 0x00, 0x00 },
        { 0x00, 0x00, 0x00, 0x00, 0x00, 0x00, 0x00, 0x00 },
        { 0x00, 0x00, 0x00, 0x00, 0x00, 0x00, 0x00, 0x00 },
        { 0x00, 0x00, 0x00, 0x00, 0x00, 0x00, 0x00, 0x00 },
        { 0x00, 0x00, 0x00, 0x00, 0x00, 0x00, 0x00, 0x00 },
        { 0x00, 0x00, 0x00, 0x00, 0x00, 0x00, 0x00, 0x00 },
        { 0x00, 0x00, 0x00, 0x00, 0x00, 0x00, 0x00, 0x00 },
        { 0x00, 0x00, 0x00, 0x00, 0x00, 0x00, 0x00, 0x00 },
        { 0x00, 0x00, 0x00, 0x00, 0x00, 0x00, 0x00, 0x00 },
        { 0x01, 0xff, 0xf9, 0x08, 0xde, 0xc7, 0x00, 0x00 },
        { 0x01, 0xff, 0xf9, 0xbf, 0xff, 0xff, 0xc0, 0x00 },
        { 0x01, 0xff, 0xfe, 0xff, 0xff, 0xff, 0xf8, 0x00 },
        { 0x01, 0xff, 0xff, 0xb2, 0x06, 0xff, 0xfe, 0x00 },
        { 0x01, 0xff, 0xfe, 0x20, 0x00, 0xaf, 0xff, 0x30 },
        { 0x01, 0xff, 0xfb, 0x00, 0x00, 0x5f, 0xff, 0x60 },
        { 0x01, 0xff, 0xf9, 0x00, 0x00, 0x3f, 0xff, 0x70 },
        { 0x01, 0xff, 0xf9, 0x00, 0x00, 0x3f, 0xff, 0x70 },
        { 0x01, 0xff, 0xfb, 0x00, 0x00, 0x5f, 0xff, 0x60 },
        { 0x01, 0xff, 0xfe, 0x20, 0x00, 0xaf, 0xff, 0x30 },
        { 0x01, 0xff, 0xff, 0xb2, 0x06, 0xff, 0xfe, 0x00 },
        { 0x01, 0xff, 0xfe, 0xff, 0xff, 0xff, 0xf8, 0x00 },
        { 0x01, 0xff, 0xf9, 0xbf, 0xff, 0xff, 0xb0, 0x00 },
        { 0x01, 0xff, 0xf9, 0x08, 0xde, 0xc7, 0x00, 0x00 },
        { 0x01, 0xff, 0xf9, 0x00, 0x00, 0x00, 0x00, 0x00 },
        { 0x01, 0xff, 0xf9, 0x00, 0x00, 0x00, 0x00, 0x00 },
        { 0x01, 0xff, 0xf9, 0x00, 0x00, 0x00, 0x00, 0x00 },
        { 0x01, 0xff, 0xf9, 0x00, 0x00, 0x00, 0x00, 0x00 },
        { 0x01, 0xff, 0xf9, 0x00, 0x00, 0x00, 0x00, 0x00 },
        { 0x00, 0x00, 0x00, 0x00, 0x00, 0x00, 0x00, 0x00 },
        { 0x00, 0x00, 0x00, 0x00, 0x00, 0x00, 0x00, 0x00 },
    },
    { /* q */
        { 0x00, 0x00, 0x00, 0x00, 0x00, 0x00, 0x00, 0x00 },
        { 0x00, 0x00, 0x00, 0x00, 0x00, 0x00, 0x00, 0x00 },
        { 0x00, 0x00, 0x00, 0x00, 0x00, 0x00, 0x00, 0x00 },
        { 0x00, 0x00, 0x00, 0x00, 0x00, 0x00, 0x00, 0x00 },
        { 0x00, 0x00, 0x00, 0x00, 0x00, 0x00, 0x00, 0x00 },
        { 0x00, 0x00, 0x00, 0x00, 0x00, 0x00, 0x00, 0x00 },
        { 0x00, 0x00, 0x00, 0x00, 0x00, 0x00, 0x00, 0x00 },
        { 0x00, 0x00, 0x00, 0x00, 0x00, 0x00, 0x00, 0x00 },
        { 0x00, 0x00, 0x00, 0x00, 0x00, 0x00, 0x00, 0x00 },
        { 0x00, 0x00, 0x00, 0x00, 0x00, 0x00, 0x00, 0x00 },
        { 0x00, 0x00, 0x00, 0x00, 0x00, 0x00, 0x00, 0x00 },
        { 0x00, 0x02, 0xad, 0xec, 0x50, 0xef, 0xfb, 0x00 },
        { 0x00, 0x3e, 0xff, 0xff, 0xf6, 0xef, 0xfb, 0x00 },
        { 0x00, 0xdf, 0xff, 0xff, 0xfe, 0xef, 0xfb, 0x00 },
        { 0x05, 0xff, 0xfd, 0x30, 0x4e, 0xff, 0xfb, 0x00 },
        { 0x09, 0xff, 0xf5, 0x00, 0x07, 0xff, 0xfb, 0x00 },
        { 0x0b, 0xff, 0xe0, 0x00, 0x01, 0xff, 0xfb, 0x00 },
        { 0x0c, 0xff, 0xd0, 0x00, 0x00, 0xef, 0xfb, 0x00 },
        { 0x0c, 0xff, 0xd0, 0x00, 0x00, 0xef, 0xfb, 0x00 },
        { 0x0b, 0xff, 0xe0, 0x00, 0x01, 0xff, 0xfb, 0x00 },
        { 0x09, 0xff, 0xf5, 0x00, 0x07, 0xff, 0xfb, 0x00 },
        { 0x05, 0xff, 0xfd, 0x30, 0x4e, 0xff, 0xfb, 0x00 },
        { 0x00, 0xdf, 0xff, 0xff, 0xfe, 0xef, 0xfb, 0x00 },
        { 0x00, 0x3e, 0xff, 0xff, 0xf6, 0xef, 0xfb, 0x00 },
        { 0x00, 0x02, 0x9d, 0xec, 0x50, 0xef, 0xfb, 0x00 },
        { 0x00, 0x00, 0x00, 0x00, 0x00, 0xef, 0xfb, 0x00 },
        { 0x00, 0x00, 0x00, 0x00, 0x00, 0xef, 0xfb, 0x00 },
        { 0x00, 0x00, 0x00, 0x00, 0x00, 0xef, 0xfb, 0x00 },
        { 0x00, 0x00, 0x00, 0x00, 0x00, 0xef, 0xfb, 0x00 },
        { 0x00, 0x00, 0x00, 0x00, 0x00, 0xef, 0xfb, 0x00 },
        { 0x00, 0x00, 0x00, 0x00, 0x00, 0x00, 0x00, 0x00 },
        { 0x00, 0x00, 0x00, 0x00, 0x00, 0x00, 0x00, 0x00 },
    },
    { /* r */
        { 0x00, 0x00, 0x00, 0x00, 0x00, 0x00, 0x00, 0x00 },
        { 0x00, 0x00, 0x00, 0x00, 0x00, 0x00, 0x00, 0x00 },
        { 0x00, 0x00, 0x00, 0x00, 0x00, 0x00, 0x00, 0x00 },
        { 0x00, 0x00, 0x00, 0x00, 0x00, 0x00, 0x00, 0x00 },
        { 0x00, 0x00, 0x00, 0x00, 0x00, 0x00, 0x00, 0x00 },
        { 0x00, 0x00, 0x00, 0x00, 0x00, 0x00, 0x00, 0x00 },
        { 0x00, 0x00, 0x00, 0x00, 0x00, 0x00, 0x00, 0x00 },
        { 0x00, 0x00, 0x00, 0x00, 0x00, 0x00, 0x00, 0x00 },
        { 0x00, 0x00, 0x00, 0x00, 0x00, 0x00, 0x00, 0x00 },
        { 0x00, 0x00, 0x00, 0x00, 0x00, 0x00, 0x00, 0x00 },
        { 0x00, 0x00, 0x00, 0x00, 0x00, 0x00, 0x00, 0x00 },
        { 0x00, 0x04, 0xff, 0xf6, 0x07, 0xce, 0xd8, 0x10 },
        { 0x00, 0x04, 0xff, 0xf7, 0xcf, 0xff, 0xff, 0x90 },
        { 0x00, 0x04, 0xff, 0xfd, 0xff, 0xff, 0xff, 0x90 },
        { 0x00, 0x04, 0xff, 0xff, 0xd6, 0x10, 0x3b, 0x90 },
        { 0x00, 0x04, 0xff, 0xfe, 0x20, 0x00, 0x00, 0x50 },
        { 0x00, 0x04, 0xff, 0xfa, 0x00, 0x00, 0x00, 0x00 },
        { 0x00, 0x04, 0xff, 0xf7, 0x00, 0x00, 0x00, 0x00 },
        { 0x00, 0x04, 0xff, 0xf6, 0x00, 0x00, 0x00, 0x00 },
        { 0x00, 0x04, 0xff, 0xf6, 0x00, 0x00, 0x00, 0x00 },
        { 0x00, 0x04, 0xff, 0xf6, 0x00, 0x00, 0x00, 0x00 },
        { 0x00, 0x04, 0xff, 0xf6, 0x00, 0x00, 0x00, 0x00 },
        { 0x00, 0x04, 0xff, 0xf6, 0x00, 0x00, 0x00, 0x00 },
        { 0x00, 0x04, 0xff, 0xf6, 0x00, 0x00, 0x00, 0x00 },
        { 0x00, 0x04, 0xff, 0xf6, 0x00, 0x00, 0x00, 0x00 },
        { 0x00, 0x00, 0x00, 0x00, 0x00, 0x00, 0x00, 0x00 },
        { 0x00, 0x00, 0x00, 0x00, 0x00, 0x00, 0x00, 0x00 },
        { 0x00, 0x00, 0x00, 0x00, 0x00, 0x00, 0x00, 0x00 },
        { 0x00, 0x00, 0x00, 0x00, 0x00, 0x00, 0x00, 0x00 },
        { 0x00, 0x00, 0x00, 0x00, 0x00, 0x00, 0x00, 0x00 },
        { 0x00, 0x00, 0x00, 0x00, 0x00, 0x00, 0x00, 0x00 },
        { 0x00, 0x00, 0x00, 0x00, 0x00, 0x00, 0x00, 0x00 },
    },
    { /* s */
        { 0x00, 0x00, 0x00, 0x00, 0x00, 0x00, 0x00, 0x00 },
        { 0x00, 0x00, 0x00, 0x00, 0x00, 0x00, 0x00, 0x00 },
        { 0x00, 0x00, 0x00, 0x00, 0x00, 0x00, 0x00, 0x00 },
        { 0x00, 0x00, 0x00, 0x00, 0x00, 0x00, 0x00, 0x00 },
        { 0x00, 0x00, 0x00, 0x00, 0x00, 0x00, 0x00, 0x00 },
        { 0x00, 0x00, 0x00, 0x00, 0x00, 0x00, 0x00, 0x00 },
        { 0x00, 0x00, 0x00, 0x00, 0x00, 0x00, 0x00, 0x00 },
        { 0x00, 0x00, 0x00, 0x00, 0x00, 0x00, 0x00, 0x00 },
        { 0x00, 0x00, 0x00, 0x00, 0x00, 0x00, 0x00, 0x00 },
        { 0x00, 0x00, 0x00, 0x00, 0x00, 0x00, 0x00, 0x00 },
        { 0x00, 0x00, 0x00, 0x00, 0x00, 0x00, 0x00, 0x00 },
        { 0x00, 0x00, 0x5a, 0xde, 0xec, 0x95, 0x00, 0x00 },
        { 0x00, 0x0b, 0xff, 0xff, 0xff, 0xff, 0x80, 0x00 },
        { 0x00, 0x7f, 0xff, 0xff, 0xff, 0xff, 0x80, 0x00 },
        { 0x00, 0xbf, 0xfd, 0x40, 0x02, 0x49, 0x70, 0x00 },
        { 0x00, 0xbf, 0xfc, 0x10, 0x00, 0x00, 0x00, 0x00 },
        { 0x00, 0x7f, 0xff, 0xe9, 0x63, 0x00, 0x00, 0x00 },
        { 0x00, 0x0c, 0xff, 0xff, 0xff, 0xd7, 0x00, 0x00 },
        { 0x00, 0x00, 0x7c, 0xff, 0xff, 0xff, 0xa0, 0x00 },
        { 0x00, 0x00, 0x00, 0x14, 0x8d, 0xff, 0xf4, 0x00 },
        { 0x00, 0x00, 0x00, 0x00, 0x01, 0xef, 0xf7, 0x00 },
        { 0x00, 0x8a, 0x52, 0x10, 0x16, 0xff, 0xf7, 0x00 },
        { 0x00, 0x8f, 0xff, 0xff, 0xff, 0xff, 0xf3, 0x00 },
        { 0x00, 0x8f, 0xff, 0xff, 0xff, 0xff, 0x80, 0x00 },
        { 0x00, 0x04, 0x8b, 0xde, 0xed, 0xa4, 0x00, 0x00 },
        { 0x00, 0x00, 0x00, 0x00, 0x00, 0x00, 0x00, 0x00 },
        { 0x00, 0x00, 0x00, 0x00, 0x00, 0x00, 0x00, 0x00 },
        { 0x00, 0x00, 0x00, 0x00, 0x00, 0x00, 0x00, 0x00 },
        { 0x00, 0x00, 0x00, 0x00, 0x00, 0x00, 0x00, 0x00 },
        { 0x00, 0x00, 0x00, 0x00, 0x00, 0x00, 0x00, 0x00 },
        { 0x00, 0x00, 0x00, 0x00, 0x00, 0x00, 0x00, 0x00 },
        { 0x00, 0x00, 0x00, 0x00, 0x00, 0x00, 0x00, 0x00 },
    },
    { /* t */
        { 0x00, 0x00, 0x00, 0x00, 0x00, 0x00, 0x00, 0x00 },
        { 0x00, 0x00, 0x00, 0x00, 0x00, 0x00, 0x00, 0x00 },
        { 0x00, 0x00, 0x00, 0x00, 0x00, 0x00, 0x00, 0x00 },
        { 0x00, 0x00, 0x00, 0x00, 0x00, 0x00, 0x00, 0x00 },
        { 0x00, 0x00, 0x00, 0x00, 0x00, 0x00, 0x00, 0x00 },
        { 0x00, 0x00, 0x00, 0x00, 0x00, 0x00, 0x00, 0x00 },
        { 0x00, 0x00, 0x00, 0x00, 0x00, 0x00, 0x00, 0x00 },
        { 0x00, 0x00, 0x0e, 0xff, 0xb0, 0x00, 0x00, 0x00 },
        { 0x00, 0x00, 0x0e, 0xff, 0xb0, 0x00, 0x00, 0x00 },
        { 0x00, 0x00, 0x0e, 0xff, 0xb0, 0x00, 0x00, 0x00 },
        { 0x00, 0x00, 0x0e, 0xff, 0xb0, 0x00, 0x00, 0x00 },
        { 0x08, 0xff, 0xff, 0xff, 0xff, 0xff, 0xf9, 0x00 },
        { 0x08, 0xff, 0xff, 0xff, 0xff, 0xff, 0xf9, 0x00 },
        { 0x08, 0xff, 0xff, 0xff, 0xff, 0xff, 0xf9, 0x00 },
        { 0x00, 0x00, 0x0e, 0xff, 0xb0, 0x00, 0x00, 0x00 },
        { 0x00, 0x00, 0x0e, 0xff, 0xb0, 0x00, 0x00, 0x00 },
        { 0x00, 0x00, 0x0e, 0xff, 0xb0, 0x00, 0x00, 0x00 },
        { 0x00, 0x00, 0x0e, 0xff, 0xb0, 0x00, 0x00, 0x00 },
        { 0x00, 0x00, 0x0e, 0xff, 0xb0, 0x00, 0x00, 0x00 },
        { 0x00, 0x00, 0x0e, 0xff, 0xb0, 0x00, 0x00, 0x00 },
        { 0x00, 0x00, 0x0e, 0xff, 0xc0, 0x00, 0x00, 0x00 },
        { 0x00, 0x00, 0x0c, 0xff, 0xe4, 0x00, 0x00, 0x00 },
        { 0x00, 0x00, 0x09, 0xff, 0xff, 0xff, 0xf9, 0x00 },
        { 0x00, 0x00, 0x03, 0xef, 0xff, 0xff, 0xf9, 0x00 },
        { 0x00, 0x00, 0x00, 0x29, 0xce, 0xef, 0xf9, 0x00 },
        { 0x00, 0x00, 0x00, 0x00, 0x00, 0x00, 0x00, 0x00 },
        { 0x00, 0x00, 0x00, 0x00, 0x00, 0x00, 0x00, 0x00 },
        { 0x00, 0x00, 0x00, 0x00, 0x00, 0x00, 0x00, 0x00 },
        { 0x00, 0x00, 0x00, 0x00, 0x00, 0x00, 0x00, 0x00 },
        { 0x00, 0x00, 0x00, 0x00, 0x00, 0x00, 0x00, 0x00 },
        { 0x00, 0x00, 0x00, 0x00, 0x00, 0x00, 0x00, 0x00 },
        { 0x00, 0x00, 0x00, 0x00, 0x00, 0x00, 0x00, 0x00 },
    },
    { /* u */
        { 0x00, 0x00, 0x00, 0x00, 0x00, 0x00, 0x00, 0x00 },
        { 0x00, 0x00, 0x00, 0x00, 0x00, 0x00, 0x00, 0x00 },
        { 0x00, 0x00, 0x00, 0x00, 0x00, 0x00, 0x00, 0x00 },
        { 0x00, 0x00, 0x00, 0x00, 0x00, 0x00, 0x00, 0x00 },
        { 0x00, 0x00, 0x00, 0x00, 0x00, 0x00, 0x00, 0x00 },
        { 0x00, 0x00, 0x00, 0x00, 0x00, 0x00, 0x00, 0x00 },
        { 0x00, 0x00, 0x00, 0x00, 0x00, 0x00, 0x00, 0x00 },
        { 0x00, 0x00, 0x00, 0x00, 0x00, 0x00, 0x00, 0x00 },
        { 0x00, 0x00, 0x00, 0x00, 0x00, 0x00, 0x00, 0x00 },
        { 0x00, 0x00, 0x00, 0x00, 0x00, 0x00, 0x00, 0x00 },
        { 0x00, 0x00, 0x00, 0x00, 0x00, 0x00, 0x00, 0x00 },
        { 0x00, 0xef, 0xfb, 0x00, 0x03, 0xff, 0xf7, 0x00 },
        { 0x00, 0xef, 0xfb, 0x00, 0x03, 0xff, 0xf7, 0x00 },
        { 0x00, 0xef, 0xfb, 0x00, 0x03, 0xff, 0xf7, 0x00 },
        { 0x00, 0xef, 0xfb, 0x00, 0x03, 0xff, 0xf7, 0x00 },
        { 0x00, 0xef, 0xfb, 0x00, 0x03, 0xff, 0xf7, 0x00 },
        { 0x00, 0xef, 0xfb, 0x00, 0x03, 0xff, 0xf7, 0x00 },
        { 0x00, 0xef, 0xfb, 0x00, 0x03, 0xff, 0xf7, 0x00 },
        { 0x00, 0xef, 0xfb, 0x00, 0x03, 0xff, 0xf7, 0x00 },
        { 0x00, 0xef, 0xfb, 0x00, 0x04, 0xff, 0xf7, 0x00 },
        { 0x00, 0xef, 0xfd, 0x00, 0x08, 0xff, 0xf7, 0x00 },
        { 0x00, 0xcf, 0xff, 0x60, 0x4e, 0xff, 0xf7, 0x00 },
        { 0x00, 0x8f, 0xff, 0xff, 0xfe, 0xff, 0xf7, 0x00 },
        { 0x00, 0x1e, 0xff, 0xff, 0xe7, 0xff, 0xf7, 0x00 },
        { 0x00, 0x02, 0xae, 0xeb, 0x43, 0xff, 0xf7, 0x00 },
        { 0x00, 0x00, 0x00, 0x00, 0x00, 0x00, 0x00, 0x00 },
        { 0x00, 0x00, 0x00, 0x00, 0x00, 0x00, 0x00, 0x00 },
        { 0x00, 0x00, 0x00, 0x00, 0x00, 0x00, 0x00, 0x00 },
        { 0x00, 0x00, 0x00, 0x00, 0x00, 0x00, 0x00, 0x00 },
        { 0x00, 0x00, 0x00, 0x00, 0x00, 0x00, 0x00, 0x00 },
        { 0x00, 0x00, 0x00, 0x00, 0x00, 0x00, 0x00, 0x00 },
        { 0x00, 0x00, 0x00, 0x00, 0x00, 0x00, 0x00, 0x00 },
    },
    { /* v */
        { 0x00, 0x00, 0x00, 0x00, 0x00, 0x00, 0x00, 0x00 },
        { 0x00, 0x00, 0x00, 0x00, 0x00, 0x00, 0x00, 0x00 },
        { 0x00, 0x00, 0x00, 0x00, 0x00, 0x00, 0x00, 0x00 },
        { 0x00, 0x00, 0x00, 0x00, 0x00, 0x00, 0x00, 0x00 },
        { 0x00, 0x00, 0x00, 0x00, 0x00, 0x00, 0x00, 0x00 },
        { 0x00, 0x00, 0x00, 0x00, 0x00, 0x00, 0x00, 0x00 },
        { 0x00, 0x00, 0x00, 0x00, 0x00, 0x00, 0x00, 0x00 },
        { 0x00, 0x00, 0x00, 0x00, 0x00, 0x00, 0x00, 0x00 },
        { 0x00, 0x00, 0x00, 0x00, 0x00, 0x00, 0x00, 0x00 },
        { 0x00, 0x00, 0x00, 0x00, 0x00, 0x00, 0x00, 0x00 },
        { 0x00, 0x00, 0x00, 0x00, 0x00, 0x00, 0x00, 0x00 },
        { 0x0c, 0xff, 0xd0, 0x00, 0x00, 0x4f, 0xff, 0x70 },
        { 0x07, 0xff, 0xf2, 0x00, 0x00, 0x8f, 0xff, 0x20 },
        { 0x02, 0xff, 0xf7, 0x00, 0x00, 0xcf, 0xfc, 0x00 },
        { 0x00, 0xcf, 0xfb, 0x00, 0x01, 0xff, 0xf7, 0x00 },
        { 0x00, 0x8f, 0xfe, 0x00, 0x05, 0xff, 0xf2, 0x00 },
        { 0x00, 0x3f, 0xff, 0x40, 0x09, 0xff, 0xd0, 0x00 },
        { 0x00, 0x0d, 0xff, 0x80, 0x0d, 0xff, 0x80, 0x00 },
        { 0x00, 0x08, 0xff, 0xd0, 0x3f, 0xff, 0x30, 0x00 },
        { 0x00, 0x03, 0xff, 0xf2, 0x7f, 0xfd, 0x00, 0x00 },
        { 0x00, 0x00, 0xdf, 0xf6, 0xbf, 0xf8, 0x00, 0x00 },
        { 0x00, 0x00, 0x9f, 0xfb, 0xef, 0xf3, 0x00, 0x00 },
        { 0x00, 0x00, 0x4f, 0xff, 0xff, 0xd0, 0x00, 0x00 },
        { 0x00, 0x00, 0x0e, 0xff, 0xff, 0x90, 0x00, 0x00 },
        { 0x00, 0x00, 0x09, 0xff, 0xff, 0x40, 0x00, 0x00 },
        { 0x00, 0x00, 0x00, 0x00, 0x00, 0x00, 0x00, 0x00 },
        { 0x00, 0x00, 0x00, 0x00, 0x00, 0x00, 0x00, 0x00 },
        { 0x00, 0x00, 0x00, 0x00, 0x00, 0x00, 0x00, 0x00 },
        { 0x00, 0x00, 0x00, 0x00, 0x00, 0x00, 0x00, 0x00 },
        { 0x00, 0x00, 0x00, 0x00, 0x00, 0x00, 0x00, 0x00 },
        { 0x00, 0x00, 0x00, 0x00, 0x00, 0x00, 0x00, 0x00 },
        { 0x00, 0x00, 0x00, 0x00, 0x00, 0x00, 0x00, 0x00 },
    },
    { /* w */
        { 0x00, 0x00, 0x00, 0x00, 0x00, 0x00, 0x00, 0x00 },
        { 0x00, 0x00, 0x00, 0x00, 0x00, 0x00, 0x00, 0x00 },
        { 0x00, 0x00, 0x00, 0x00, 0x00, 0x00, 0x00, 0x00 },
        { 0x00, 0x00, 0x00, 0x00, 0x00, 0x00, 0x00, 0x00 },
        { 0x00, 0x00, 0x00, 0x00, 0x00, 0x00, 0x00, 0x00 },
        { 0x00, 0x00, 0x00, 0x00, 0x00, 0x00, 0x00, 0x00 },
        { 0x00, 0x00, 0x00, 0x00, 0x00, 0x00, 0x00, 0x00 },
        { 0x00, 0x00, 0x00, 0x00, 0x00, 0x00, 0x00, 0x00 },
        { 0x00, 0x00, 0x00, 0x00, 0x00, 0x00, 0x00, 0x00 },
        { 0x00, 0x00, 0x00, 0x00, 0x00, 0x00, 0x00, 0x00 },
        { 0x00, 0x00, 0x00, 0x00, 0x00, 0x00, 0x00, 0x00 },
        { 0xdf, 0xf2, 0x00, 0x00, 0x00, 0x00, 0x7f, 0xf8 },
        { 0xaf, 0xf4, 0x00, 0x00, 0x00, 0x00, 0xaf, 0xf5 },
        { 0x8f, 0xf7, 0x00, 0x00, 0x00, 0x00, 0xcf, 0xf2 },
        { 0x5f, 0xf9, 0x00, 0x00, 0x00, 0x00, 0xef, 0xe0 },
        { 0x2f, 0xfb, 0x00, 0xbf, 0xf6, 0x02, 0xff, 0xc0 },
        { 0x0e, 0xfe, 0x00, 0xef, 0xf9, 0x04, 0xff, 0x90 },
        { 0x0c, 0xff, 0x13, 0xff, 0xfd, 0x07, 0xff, 0x60 },
        { 0x09, 0xff, 0x37, 0xfb, 0xef, 0x19, 0xff, 0x40 },
        { 0x06, 0xff, 0x6a, 0xf6, 0xcf, 0x4b, 0xff, 0x10 },
        { 0x03, 0xff, 0x8d, 0xf3, 0x8f, 0x8e, 0xfd, 0x00 },
        { 0x01, 0xff, 0xdf, 0xe0, 0x4f, 0xdf, 0xfa, 0x00 },
        { 0x00, 0xdf, 0xff, 0xa0, 0x1e, 0xff, 0xf8, 0x00 },
        { 0x00, 0xaf, 0xff, 0x70, 0x0c, 0xff, 0xf5, 0x00 },
        { 0x00, 0x7f, 0xff, 0x30, 0x08, 0xff, 0xf2, 0x00 },
        { 0x00, 0x00, 0x00, 0x00, 0x00, 0x00, 0x00, 0x00 },
        { 0x00, 0x00, 0x00, 0x00, 0x00, 0x00, 0x00, 0x00 },
        { 0x00, 0x00, 0x00, 0x00, 0x00, 0x00, 0x00, 0x00 },
        { 0x00, 0x00, 0x00, 0x00, 0x00, 0x00, 0x00, 0x00 },
        { 0x00, 0x00, 0x00, 0x00, 0x00, 0x00, 0x00, 0x00 },
        { 0x00, 0x00, 0x00, 0x00, 0x00, 0x00, 0x00, 0x00 },
        { 0x00, 0x00, 0x00, 0x00, 0x00, 0x00, 0x00, 0x00 },
    },
    { /* x */
        { 0x00, 0x00, 0x00, 0x00, 0x00, 0x00, 0x00, 0x00 },
        { 0x00, 0x00, 0x00, 0x00, 0x00, 0x00, 0x00, 0x00 },
        { 0x00, 0x00, 0x00, 0x00, 0x00, 0x00, 0x00, 0x00 },
        { 0x00, 0x00, 0x00, 0x00, 0x00, 0x00, 0x00, 0x00 },
        { 0x00, 0x00, 0x00, 0x00, 0x00, 0x00, 0x00, 0x00 },
        { 0x00, 0x00, 0x00, 0x00, 0x00, 0x00, 0x00, 0x00 },
        { 0x00, 0x00, 0x00, 0x00, 0x00, 0x00, 0x00, 0x00 },
        { 0x00, 0x00, 0x00, 0x00, 0x00, 0x00, 0x00, 0x00 },
        { 0x00, 0x00, 0x00, 0x00, 0x00, 0x00, 0x00, 0x00 },
        { 0x00, 0x00, 0x00, 0x00, 0x00, 0x00, 0x00, 0x00 },
        { 0x00, 0x00, 0x00, 0x00, 0x00, 0x00, 0x00, 0x00 },
        { 0x07, 0xff, 0xfb, 0x00, 0x01, 0xef, 0xfe, 0x20 },
        { 0x00, 0xbf, 0xff, 0x40, 0x09, 0xff, 0xf6, 0x00 },
        { 0x00, 0x1e, 0xff, 0xc0, 0x3f, 0xff, 0xb0, 0x00 },
        { 0x00, 0x05, 0xff, 0xf6, 0xbf, 0xfd, 0x10, 0x00 },
        { 0x00, 0x00, 0x9f, 0xfe, 0xff, 0xf4, 0x00, 0x00 },
        { 0x00, 0x00, 0x0c, 0xff, 0xff, 0x90, 0x00, 0x00 },
        { 0x00, 0x00, 0x03, 0xff, 0xfd, 0x00, 0x00, 0x00 },
        { 0x00, 0x00, 0x09, 0xff, 0xff, 0x40, 0x00, 0x00 },
        { 0x00, 0x00, 0x5f, 0xff, 0xff, 0xd1, 0x00, 0x00 },
        { 0x00, 0x01, 0xef, 0xfb, 0xef, 0xfb, 0x00, 0x00 },
        { 0x00, 0x0b, 0xff, 0xe2, 0x6f, 0xff, 0x60, 0x00 },
        { 0x00, 0x7f, 0xff, 0x70, 0x0c, 0xff, 0xe2, 0x00 },
        { 0x03, 0xef, 0xfd, 0x00, 0x04, 0xff, 0xfc, 0x00 },
        { 0x0d, 0xff, 0xf5, 0x00, 0x00, 0xaf, 0xff, 0x80 },
        { 0x00, 0x00, 0x00, 0x00, 0x00, 0x00, 0x00, 0x00 },
        { 0x00, 0x00, 0x00, 0x00, 0x00, 0x00, 0x00, 0x00 },
        { 0x00, 0x00, 0x00, 0x00, 0x00, 0x00, 0x00, 0x00 },
        { 0x00, 0x00, 0x00, 0x00, 0x00, 0x00, 0x00, 0x00 },
        { 0x00, 0x00, 0x00, 0x00, 0x00, 0x00, 0x00, 0x00 },
        { 0x00, 0x00, 0x00, 0x00, 0x00, 0x00, 0x00, 0x00 },
        { 0x00, 0x00, 0x00, 0x00, 0x00, 0x00, 0x00, 0x00 },
    },
    { /* y */
        { 0x00, 0x00, 0x00, 0x00, 0x00, 0x00, 0x00, 0x00 },
        { 0x00, 0x00, 0x00, 0x00, 0x00, 0x00, 0x00, 0x00 },
        { 0x00, 0x00, 0x00, 0x00, 0x00, 0x00, 0x00, 0x00 },
        { 0x00, 0x00, 0x00, 0x00, 0x00, 0x00, 0x00, 0x00 },
        { 0x00, 0x00, 0x00, 0x00, 0x00, 0x00, 0x00, 0x00 },
        { 0x00, 0x00, 0x00, 0x00, 0x00, 0x00, 0x00, 0x00 },
        { 0x00, 0x00, 0x00, 0x00, 0x00, 0x00, 0x00, 0x00 },
        { 0x00, 0x00, 0x00, 0x00, 0x00, 0x00, 0x00, 0x00 },
        { 0x00, 0x00, 0x00, 0x00, 0x00, 0x00, 0x00, 0x00 },
        { 0x00, 0x00, 0x00, 0x00, 0x00, 0x00, 0x00, 0x00 },
        { 0x00, 0x00, 0x00, 0x00, 0x00, 0x00, 0x00, 0x00 },
        { 0x1e, 0xff, 0xc0, 0x00, 0x00, 0x2f, 0xff, 0xb0 },
        { 0x09, 0xff, 0xf2, 0x00, 0x00, 0x7f, 0xff, 0x50 },
        { 0x03, 0xff, 0xf8, 0x00, 0x00, 0xcf, 0xfd, 0x00 },
        { 0x00, 0xcf, 0xfd, 0x00, 0x02, 0xff, 0xf8, 0x00 },
        { 0x00, 0x6f, 0xff, 0x30, 0x07, 0xff, 0xf2, 0x00 },
        { 0x00, 0x1e, 0xff, 0x90, 0x0c, 0xff, 0xb0, 0x00 },
        { 0x00, 0x09, 0xff, 0xe0, 0x3f, 0xff, 0x50, 0x00 },
        { 0x00, 0x03, 0xff, 0xf5, 0x8f, 0xfe, 0x00, 0x00 },
        { 0x00, 0x00, 0xcf, 0xfa, 0xdf, 0xf8, 0x00, 0x00 },
        { 0x00, 0x00, 0x6f, 0xff, 0xff, 0xf3, 0x00, 0x00 },
        { 0x00, 0x00, 0x1e, 0xff, 0xff, 0xc0, 0x00, 0x00 },
        { 0x00, 0x00, 0x09, 0xff, 0xff, 0x60, 0x00, 0x00 },
        { 0x00, 0x00, 0x03, 0xff, 0xfe, 0x00, 0x00, 0x00 },
        { 0x00, 0x00, 0x00, 0xef, 0xf9, 0x00, 0x00, 0x00 },
        { 0x00, 0x00, 0x03, 0xff, 0xf3, 0x00, 0x00, 0x00 },
        { 0x00, 0x00, 0x3d, 0xff, 0xc0, 0x00, 0x00, 0x00 },
        { 0x05, 0xff, 0xff, 0xff, 0x50, 0x00, 0x00, 0x00 },
        { 0x05, 0xff, 0xff, 0xfa, 0x00, 0x00, 0x00, 0x00 },
        { 0x05, 0xff, 0xed, 0x70, 0x00, 0x00, 0x00, 0x00 },
        { 0x00, 0x00, 0x00, 0x00, 0x00, 0x00, 0x00, 0x00 },
        { 0x00, 0x00, 0x00, 0x00, 0x00, 0x00, 0x00, 0x00 },
    },
    { /* z */
        { 0x00, 0x00, 0x00, 0x00, 0x00, 0x00, 0x00, 0x00 },
        { 0x00, 0x00, 0x00, 0x00, 0x00, 0x00, 0x00, 0x00 },
        { 0x00, 0x00, 0x00, 0x00, 0x00, 0x00, 0x00, 0x00 },
        { 0x00, 0x00, 0x00, 0x00, 0x00, 0x00, 0x00, 0x00 },
        { 0x00, 0x00, 0x00, 0x00, 0x00, 0x00, 0x00, 0x00 },
        { 0x00, 0x00, 0x00, 0x00, 0x00, 0x00, 0x00, 0x00 },
        { 0x00, 0x00, 0x00, 0x00, 0x00, 0x00, 0x00, 0x00 },
        { 0x00, 0x00, 0x00, 0x00, 0x00, 0x00, 0x00, 0x00 },
        { 0x00, 0x00, 0x00, 0x00, 0x00, 0x00, 0x00, 0x00 },
        { 0x00, 0x00, 0x00, 0x00, 0x00, 0x00, 0x00, 0x00 },
        { 0x00, 0x00, 0x00, 0x00, 0x00, 0x00, 0x00, 0x00 },
        { 0x00, 0x9f, 0xff, 0xff, 0xff, 0xff, 0xfa, 0x00 },
        { 0x00, 0x9f, 0xff, 0xff, 0xff, 0xff, 0xfa, 0x00 },
        { 0x00, 0x9f, 0xff, 0xff, 0xff, 0xff, 0xfa, 0x00 },
        { 0x00, 0x00, 0x00, 0x00, 0x1c, 0xff, 0xd2, 0x00 },
        { 0x00, 0x00, 0x00, 0x00, 0xbf, 0xfe, 0x30, 0x00 },
        { 0x00, 0x00, 0x00, 0x0a, 0xff, 0xe4, 0x00, 0x00 },
        { 0x00, 0x00, 0x00, 0x9f, 0xfe, 0x50, 0x00, 0x00 },
        { 0x00, 0x00, 0x08, 0xff, 0xf6, 0x00, 0x00, 0x00 },
        { 0x00, 0x00, 0x7f, 0xff, 0x70, 0x00, 0x00, 0x00 },
        { 0x00, 0x05, 0xff, 0xf9, 0x00, 0x00, 0x00, 0x00 },
        { 0x00, 0x4e, 0xff, 0xa0, 0x00, 0x00, 0x00, 0x00 },
        { 0x00, 0xdf, 0xff, 0xff, 0xff, 0xff, 0xfa, 0x00 },
        { 0x00, 0xef, 0xff, 0xff, 0xff, 0xff, 0xfa, 0x00 },
        { 0x00, 0xef, 0xff, 0xff, 0xff, 0xff, 0xfa, 0x00 },
        { 0x00, 0x00, 0x00, 0x00, 0x00, 0x00, 0x00, 0x00 },
        { 0x00, 0x00, 0x00, 0x00, 0x00, 0x00, 0x00, 0x00 },
        { 0x00, 0x00, 0x00, 0x00, 0x00, 0x00, 0x00, 0x00 },
        { 0x00, 0x00, 0x00, 0x00, 0x00, 0x00, 0x00, 0x00 },
        { 0x00, 0x00, 0x00, 0x00, 0x00, 0x00, 0x00, 0x00 },
        { 0x00, 0x00, 0x00, 0x00, 0x00, 0x00, 0x00, 0x00 },
        { 0x00, 0x00, 0x00, 0x00, 0x00, 0x00, 0x00, 0x00 },
    },
    { /* { */
        { 0x00, 0x00, 0x00, 0x00, 0x00, 0x00, 0x00, 0x00 },
        { 0x00, 0x00, 0x00, 0x00, 0x00, 0x00, 0x00, 0x00 },
        { 0x00, 0x00, 0x00, 0x00, 0x00, 0x00, 0x00, 0x00 },
        { 0x00, 0x00, 0x00, 0x00, 0x00, 0x00, 0x00, 0x00 },
        { 0x00, 0x00, 0x00, 0x00, 0x00, 0x00, 0x00, 0x00 },
        { 0x00, 0x00, 0x00, 0x03, 0xad, 0xee, 0xf5, 0x00 },
        { 0x00, 0x00, 0x00, 0x3e, 0xff, 0xff, 0xf5, 0x00 },
        { 0x00, 0x00, 0x00, 0x9f, 0xfe, 0x40, 0x00, 0x00 },
        { 0x00, 0x00, 0x00, 0xbf, 0xfa, 0x00, 0x00, 0x00 },
        { 0x00, 0x00, 0x00, 0xcf, 0xf9, 0x00, 0x00, 0x00 },
        { 0x00, 0x00, 0x00, 0xcf, 0xf8, 0x00, 0x00, 0x00 },
        { 0x00, 0x00, 0x00, 0xcf, 0xf8, 0x00, 0x00, 0x00 },
        { 0x00, 0x00, 0x00, 0xcf, 0xf8, 0x00, 0x00, 0x00 },
        { 0x00, 0x00, 0x00, 0xdf, 0xf8, 0x00, 0x00, 0x00 },
        { 0x00, 0x00, 0x02, 0xff, 0xf7, 0x00, 0x00, 0x00 },
        { 0x00, 0x00, 0x3b, 0xff, 0xe2, 0x00, 0x00, 0x00 },
        { 0x00, 0xbf, 0xff, 0xeb, 0x40, 0x00, 0x00, 0x00 },
        { 0x00, 0xbf, 0xff, 0xeb, 0x30, 0x00, 0x00, 0x00 },
        { 0x00, 0x00, 0x3b, 0xff, 0xe2, 0x00, 0x00, 0x00 },
        { 0x00, 0x00, 0x02, 0xff, 0xf6, 0x00, 0x00, 0x00 },
        { 0x00, 0x00, 0x00, 0xdf, 0xf8, 0x00, 0x00, 0x00 },
        { 0x00, 0x00, 0x00, 0xcf, 0xf8, 0x00, 0x00, 0x00 },
        { 0x00, 0x00, 0x00, 0xcf, 0xf8, 0x00, 0x00, 0x00 },
        { 0x00, 0x00, 0x00, 0xcf, 0xf8, 0x00, 0x00, 0x00 },
        { 0x00, 0x00, 0x00, 0xcf, 0xf9, 0x00, 0x00, 0x00 },
        { 0x00, 0x00, 0x00, 0xbf, 0xfa, 0x00, 0x00, 0x00 },
        { 0x00, 0x00, 0x00, 0x9f, 0xfe, 0x40, 0x00, 0x00 },
        { 0x00, 0x00, 0x00, 0x3e, 0xff, 0xff, 0xf5, 0x00 },
        { 0x00, 0x00, 0x00, 0x04, 0xad, 0xef, 0xf5, 0x00 },
        { 0x00, 0x00, 0x00, 0x00, 0x00, 0x00, 0x00, 0x00 },
        { 0x00, 0x00, 0x00, 0x00, 0x00, 0x00, 0x00, 0x00 },
        { 0x00, 0x00, 0x00, 0x00, 0x00, 0x00, 0x00, 0x00 },
    },
    { /* | */
        { 0x00, 0x00, 0x00, 0x00, 0x00, 0x00, 0x00, 0x00 },
        { 0x00, 0x00, 0x00, 0x00, 0x00, 0x00, 0x00, 0x00 },
        { 0x00, 0x00, 0x00, 0x00, 0x00, 0x00, 0x00, 0x00 },
        { 0x00, 0x00, 0x00, 0x00, 0x00, 0x00, 0x00, 0x00 },
        { 0x00, 0x00, 0x00, 0x00, 0x00, 0x00, 0x00, 0x00 },
        { 0x00, 0x00, 0x00, 0x9f, 0xf3, 0x00, 0x00, 0x00 },
        { 0x00, 0x00, 0x00, 0x9f, 0xf3, 0x00, 0x00, 0x00 },
        { 0x00, 0x00, 0x00, 0x9f, 0xf3, 0x00, 0x00, 0x00 },
        { 0x00, 0x00, 0x00, 0x9f, 0xf3, 0x00, 0x00, 0x00 },
        { 0x00, 0x00, 0x00, 0x9f, 0xf3, 0x00, 0x00, 0x00 },
        { 0x00, 0x00, 0x00, 0x9f, 0xf3, 0x00, 0x00, 0x00 },
        { 0x00, 0x00, 0x00, 0x9f, 0xf3, 0x00, 0x00, 0x00 },
        { 0x00, 0x00, 0x00, 0x9f, 0xf3, 0x00, 0x00, 0x00 },
        { 0x00, 0x00, 0x00, 0x9f, 0xf3, 0x00, 0x00, 0x00 },
        { 0x00, 0x00, 0x00, 0x9f, 0xf3, 0x00, 0x00, 0x00 },
        { 0x00, 0x00, 0x00, 0x9f, 0xf3, 0x00, 0x00, 0x00 },
        { 0x00, 0x00, 0x00, 0x9f, 0xf3, 0x00, 0x00, 0x00 },
        { 0x00, 0x00, 0x00, 0x9f, 0xf3, 0x00, 0x00, 0x00 },
        { 0x00, 0x00, 0x00, 0x9f, 0xf3, 0x00, 0x00, 0x00 },
        { 0x00, 0x00, 0x00, 0x9f, 0xf3, 0x00, 0x00, 0x00 },
        { 0x00, 0x00, 0x00, 0x9f, 0xf3, 0x00, 0x00, 0x00 },
        { 0x00, 0x00, 0x00, 0x9f, 0xf3, 0x00, 0x00, 0x00 },
        { 0x00, 0x00, 0x00, 0x9f, 0xf3, 0x00, 0x00, 0x00 },
        { 0x00, 0x00, 0x00, 0x9f, 0xf3, 0x00, 0x00, 0x00 },
        { 0x00, 0x00, 0x00, 0x9f, 0xf3, 0x00, 0x00, 0x00 },
        { 0x00, 0x00, 0x00, 0x9f, 0xf3, 0x00, 0x00, 0x00 },
        { 0x00, 0x00, 0x00, 0x9f, 0xf3, 0x00, 0x00, 0x00 },
        { 0x00, 0x00, 0x00, 0x9f, 0xf3, 0x00, 0x00, 0x00 },
        { 0x00, 0x00, 0x00, 0x9f, 0xf3, 0x00, 0x00, 0x00 },
        { 0x00, 0x00, 0x00, 0x9f, 0xf3, 0x00, 0x00, 0x00 },
        { 0x00, 0x00, 0x00, 0x9f, 0xf3, 0x00, 0x00, 0x00 },
        { 0x00, 0x00, 0x00, 0x00, 0x00, 0x00, 0x00, 0x00 },
    },
    { /* } */
        { 0x00, 0x00, 0x00, 0x00, 0x00, 0x00, 0x00, 0x00 },
        { 0x00, 0x00, 0x00, 0x00, 0x00, 0x00, 0x00, 0x00 },
        { 0x00, 0x00, 0x00, 0x00, 0x00, 0x00, 0x00, 0x00 },
        { 0x00, 0x00, 0x00, 0x00, 0x00, 0x00, 0x00, 0x00 },
        { 0x00, 0x00, 0x00, 0x00, 0x00, 0x00, 0x00, 0x00 },
        { 0x00, 0xaf, 0xee, 0xc8, 0x10, 0x00, 0x00, 0x00 },
        { 0x00, 0xaf, 0xff, 0xff, 0xc0, 0x00, 0x00, 0x00 },
        { 0x00, 0x00, 0x18, 0xff, 0xf3, 0x00, 0x00, 0x00 },
        { 0x00, 0x00, 0x01, 0xff, 0xf5, 0x00, 0x00, 0x00 },
        { 0x00, 0x00, 0x00, 0xef, 0xf6, 0x00, 0x00, 0x00 },
        { 0x00, 0x00, 0x00, 0xef, 0xf6, 0x00, 0x00, 0x00 },
        { 0x00, 0x00, 0x00, 0xef, 0xf6, 0x00, 0x00, 0x00 },
        { 0x00, 0x00, 0x00, 0xef, 0xf6, 0x00, 0x00, 0x00 },
        { 0x00, 0x00, 0x00, 0xdf, 0xf7, 0x00, 0x00, 0x00 },
        { 0x00, 0x00, 0x00, 0xcf, 0xfb, 0x00, 0x00, 0x00 },
        { 0x00, 0x00, 0x00, 0x7f, 0xff, 0x71, 0x00, 0x00 },
        { 0x00, 0x00, 0x00, 0x07, 0xdf, 0xff, 0xf6, 0x00 },
        { 0x00, 0x00, 0x00, 0x07, 0xdf, 0xff, 0xf6, 0x00 },
        { 0x00, 0x00, 0x00, 0x7f, 0xff, 0x81, 0x00, 0x00 },
        { 0x00, 0x00, 0x00, 0xcf, 0xfb, 0x00, 0x00, 0x00 },
        { 0x00, 0x00, 0x00, 0xdf, 0xf7, 0x00, 0x00, 0x00 },
        { 0x00, 0x00, 0x00, 0xef, 0xf6, 0x00, 0x00, 0x00 },
        { 0x00, 0x00, 0x00, 0xef, 0xf6, 0x00, 0x00, 0x00 },
        { 0x00, 0x00, 0x00, 0xef, 0xf6, 0x00, 0x00, 0x00 },
        { 0x00, 0x00, 0x00, 0xef, 0xf6, 0x00, 0x00, 0x00 },
        { 0x00, 0x00, 0x01, 0xff, 0xf5, 0x00, 0x00, 0x00 },
        { 0x00, 0x00, 0x18, 0xff, 0xf3, 0x00, 0x00, 0x00 },
        { 0x00, 0xaf, 0xff, 0xff, 0xc0, 0x00, 0x00, 0x00 },
        { 0x00, 0xaf, 0xee, 0xc8, 0x10, 0x00, 0x00, 0x00 },
        { 0x00, 0x00, 0x00, 0x00, 0x00, 0x00, 0x00, 0x00 },
        { 0x00, 0x00, 0x00, 0x00, 0x00, 0x00, 0x00, 0x00 },
        { 0x00, 0x00, 0x00, 0x00, 0x00, 0x00, 0x00, 0x00 },
    },
    { /* ~ */
        { 0x00, 0x00, 0x00, 0x00, 0x00, 0x00, 0x00, 0x00 },
        { 0x00, 0x00, 0x00, 0x00, 0x00, 0x00, 0x00, 0x00 },
        { 0x00, 0x00, 0x00, 0x00, 0x00, 0x00, 0x00, 0x00 },
        { 0x00, 0x00, 0x00, 0x00, 0x00, 0x00, 0x00, 0x00 },
        { 0x00, 0x00, 0x00, 0x00, 0x00, 0x00, 0x00, 0x00 },
        { 0x00, 0x00, 0x00, 0x00, 0x00, 0x00, 0x00, 0x00 },
        { 0x00, 0x00, 0x00, 0x00, 0x00, 0x00, 0x00, 0x00 },
        { 0x00, 0x00, 0x00, 0x00, 0x00, 0x00, 0x00, 0x00 },
        { 0x00, 0x00, 0x00, 0x00, 0x00, 0x00, 0x00, 0x00 },
        { 0x00, 0x00, 0x00, 0x00, 0x00, 0x00, 0x00, 0x00 },
        { 0x00, 0x00, 0x00, 0x00, 0x00, 0x00, 0x00, 0x00 },
        { 0x00, 0x00, 0x00, 0x00, 0x00, 0x00, 0x00, 0x00 },
        { 0x00, 0x00, 0x00, 0x00, 0x00, 0x00, 0x00, 0x00 },
        { 0x00, 0x00, 0x00, 0x00, 0x00, 0x00, 0x00, 0x00 },
        { 0x00, 0x00, 0x00, 0x00, 0x00, 0x00, 0x00, 0x00 },
        { 0x00, 0x3a, 0xed, 0xb4, 0x00, 0x00, 0x01, 0x60 },
        { 0x06, 0xef, 0xff, 0xff, 0xc5, 0x11, 0x5d, 0x80 },
        { 0x0d, 0xff, 0xff, 0xff, 0xff, 0xff, 0xff, 0x80 },
        { 0x0d, 0xb3, 0x01, 0x5c, 0xff, 0xff, 0xfd, 0x20 },
        { 0x07, 0x00, 0x00, 0x00, 0x4b, 0xed, 0x91, 0x00 },
        { 0x00, 0x00, 0x00, 0x00, 0x00, 0x00, 0x00, 0x00 },
        { 0x00, 0x00, 0x00, 0x00, 0x00, 0x00, 0x00, 0x00 },
        { 0x00, 0x00, 0x00, 0x00, 0x00, 0x00, 0x00, 0x00 },
        { 0x00, 0x00, 0x00, 0x00, 0x00, 0x00, 0x00, 0x00 },
        { 0x00, 0x00, 0x00, 0x00, 0x00, 0x00, 0x00, 0x00 },
        { 0x00, 0x00, 0x00, 0x00, 0x00, 0x00, 0x00, 0x00 },
        { 0x00, 0x00, 0x00, 0x00, 0x00, 0x00, 0x00, 0x00 },
        { 0x00, 0x00, 0x00, 0x00, 0x00, 0x00, 0x00, 0x00 },
        { 0x00, 0x00, 0x00, 0x00, 0x00, 0x00, 0x00, 0x00 },
        { 0x00, 0x00, 0x00, 0x00, 0x00, 0x00, 0x00, 0x00 },
        { 0x00, 0x00, 0x00, 0x00, 0x00, 0x00, 0x00, 0x00 },
        { 0x00, 0x00, 0x00, 0x00, 0x00, 0x00, 0x00, 0x00 },
    },
};
